駅名,所要時間範囲,所要時間,乗り換え回数,路線名
田町（東京都）,0-10分,4分,乗換0回,ＪＲ山手線
品川,0-10分,4分,乗換0回,ＪＲ山手線
浜松町,0-10分,6分,乗換0回,ＪＲ山手線
大崎,0-10分,7分,乗換0回,ＪＲ山手線
新橋,0-10分,8分,乗換0回,ＪＲ山手線
五反田,0-10分,9分,乗換0回,ＪＲ山手線
有楽町,0-10分,10分,乗換0回,ＪＲ山手線
大井町,0-10分,8分,乗換0回,ＪＲ京浜東北線
大森（東京都）,11-20分,11分,乗換0回,ＪＲ京浜東北線
東京,11-20分,11分,乗換0回,ＪＲ京浜東北線
神田（東京都）,11-20分,13分,乗換0回,ＪＲ京浜東北線
蒲田,11-20分,15分,乗換0回,ＪＲ京浜東北線
秋葉原,11-20分,15分,乗換0回,ＪＲ京浜東北線
上野,11-20分,17分,乗換0回,ＪＲ京浜東北線
川崎,11-20分,18分,乗換0回,ＪＲ京浜東北線
目黒,11-20分,11分,乗換0回,ＪＲ山手線
恵比寿（東京都）,11-20分,13分,乗換0回,ＪＲ山手線
渋谷,11-20分,16分,乗換0回,ＪＲ山手線
原宿,11-20分,18分,乗換0回,ＪＲ山手線
御徒町,11-20分,18分,乗換0回,ＪＲ山手線
高輪台,11-20分,12分,乗換0回,都営浅草線
戸越,11-20分,15分,乗換0回,都営浅草線
中延,11-20分,17分,乗換0回,都営浅草線
東銀座,11-20分,17分,乗換0回,都営浅草線
馬込,11-20分,19分,乗換0回,都営浅草線
宝町（東京都）,11-20分,19分,乗換0回,都営浅草線
北品川,11-20分,14分,乗換1回,京急本線
新馬場,11-20分,15分,乗換1回,京急本線
青物横丁,11-20分,17分,乗換1回,京急本線
鮫洲,11-20分,20分,乗換1回,京急本線
下神明,11-20分,16分,乗換1回,東急大井町線
戸越公園,11-20分,18分,乗換1回,東急大井町線
荏原町,11-20分,20分,乗換1回,東急大井町線
銀座,11-20分,16分,乗換1回,東京メトロ銀座線
虎ノ門,11-20分,16分,乗換1回,東京メトロ銀座線
京橋（東京都）,11-20分,17分,乗換1回,東京メトロ銀座線
三越前,11-20分,18分,乗換1回,東京メトロ銀座線
溜池山王,11-20分,18分,乗換1回,東京メトロ銀座線
日本橋（東京都）,11-20分,19分,乗換1回,東京メトロ銀座線
末広町（東京都）,11-20分,19分,乗換1回,東京メトロ銀座線
上野広小路,11-20分,20分,乗換1回,東京メトロ銀座線
赤坂見附,11-20分,20分,乗換1回,東京メトロ銀座線
芝公園,11-20分,16分,乗換1回,都営三田線
御成門,11-20分,18分,乗換1回,都営三田線
白金高輪,11-20分,19分,乗換1回,都営三田線
大崎広小路,11-20分,16分,乗換1回,東急池上線
荏原中延,11-20分,19分,乗換1回,東急池上線
霞ヶ関（東京都）,11-20分,19分,乗換1回,東京メトロ日比谷線
虎ノ門ヒルズ,11-20分,20分,乗換1回,東京メトロ日比谷線
不動前,11-20分,19分,乗換1回,東急目黒線
赤羽橋,11-20分,19分,乗換1回,都営大江戸線（環状部）
築地市場,11-20分,20分,乗換1回,都営大江戸線（環状部）
白金台,11-20分,19分,乗換1回,東京メトロ南北線
品川シーサイド,11-20分,19分,乗換1回,りんかい線
竹芝,11-20分,20分,乗換1回,ゆりかもめ
天王洲アイル（モノレール）,11-20分,20分,乗換1回,東京モノレール
旗の台,21-30分,21分,乗換1回,東急池上線
長原（東京都）,21-30分,22分,乗換1回,東急池上線
洗足池,21-30分,24分,乗換1回,東急池上線
蓮沼,21-30分,24分,乗換1回,東急池上線
石川台,21-30分,25分,乗換1回,東急池上線
池上,21-30分,26分,乗換1回,東急池上線
雪が谷大塚,21-30分,27分,乗換1回,東急池上線
御嶽山,21-30分,28分,乗換1回,東急池上線
千鳥町,21-30分,28分,乗換1回,東急池上線
久が原,21-30分,29分,乗換1回,東急池上線
銀座一丁目,21-30分,21分,乗換1回,東京メトロ有楽町線
桜田門,21-30分,22分,乗換1回,東京メトロ有楽町線
新富町（東京都）,21-30分,23分,乗換1回,東京メトロ有楽町線
麹町,21-30分,26分,乗換1回,東京メトロ有楽町線
豊洲,21-30分,27分,乗換1回,東京メトロ有楽町線
市ヶ谷,21-30分,28分,乗換1回,東京メトロ有楽町線
辰巳,21-30分,29分,乗換1回,東京メトロ有楽町線
御茶ノ水,21-30分,21分,乗換1回,ＪＲ中央本線（東京-塩尻）
水道橋,21-30分,24分,乗換1回,ＪＲ中央本線（東京-塩尻）
四ツ谷,21-30分,26分,乗換1回,ＪＲ中央本線（東京-塩尻）
飯田橋,21-30分,26分,乗換1回,ＪＲ中央本線（東京-塩尻）
千駄ヶ谷,21-30分,28分,乗換1回,ＪＲ中央本線（東京-塩尻）
信濃町,21-30分,30分,乗換1回,ＪＲ中央本線（東京-塩尻）
大久保（東京都）,21-30分,30分,乗換1回,ＪＲ中央本線（東京-塩尻）
西大井,21-30分,21分,乗換1回,ＪＲ横須賀線
武蔵小杉,21-30分,26分,乗換1回,ＪＲ横須賀線
新川崎,21-30分,29分,乗換1回,ＪＲ横須賀線
西馬込,21-30分,21分,乗換0回,都営浅草線
人形町,21-30分,22分,乗換0回,都営浅草線
東日本橋,21-30分,24分,乗換0回,都営浅草線
蔵前,21-30分,27分,乗換0回,都営浅草線
本所吾妻橋,21-30分,30分,乗換0回,都営浅草線
代々木,21-30分,21分,乗換0回,ＪＲ山手線
鶯谷,21-30分,22分,乗換0回,ＪＲ山手線
新宿,21-30分,23分,乗換0回,ＪＲ山手線
日暮里,21-30分,24分,乗換0回,ＪＲ山手線
新大久保,21-30分,25分,乗換0回,ＪＲ山手線
西日暮里,21-30分,25分,乗換0回,ＪＲ山手線
高田馬場,21-30分,27分,乗換0回,ＪＲ山手線
駒込,21-30分,29分,乗換0回,ＪＲ山手線
目白,21-30分,29分,乗換0回,ＪＲ山手線
立会川,21-30分,21分,乗換1回,京急本線
大森海岸,21-30分,23分,乗換1回,京急本線
平和島,21-30分,23分,乗換1回,京急本線
京急蒲田,21-30分,24分,乗換1回,京急本線
大森町,21-30分,28分,乗換1回,京急本線
梅屋敷（東京都）,21-30分,29分,乗換1回,京急本線
麻布十番,21-30分,21分,乗換1回,都営大江戸線（環状部）
勝どき,21-30分,22分,乗換1回,都営大江戸線（環状部）
六本木,21-30分,23分,乗換1回,都営大江戸線（環状部）
月島,21-30分,24分,乗換1回,都営大江戸線（環状部）
門前仲町,21-30分,26分,乗換1回,都営大江戸線（環状部）
国立競技場,21-30分,27分,乗換1回,都営大江戸線（環状部）
新御徒町,21-30分,28分,乗換1回,都営大江戸線（環状部）
清澄白河,21-30分,29分,乗換1回,都営大江戸線（環状部）
森下（東京都）,21-30分,30分,乗換1回,都営大江戸線（環状部）
天王洲アイル（りんかい線）,21-30分,21分,乗換1回,りんかい線
東京テレポート,21-30分,24分,乗換1回,りんかい線
国際展示場（りんかい線）,21-30分,27分,乗換1回,りんかい線
東雲（東京都）,21-30分,29分,乗換1回,りんかい線
神谷町,21-30分,22分,乗換1回,東京メトロ日比谷線
築地,21-30分,22分,乗換1回,東京メトロ日比谷線
中目黒,21-30分,23分,乗換1回,東京メトロ日比谷線
広尾,21-30分,24分,乗換1回,東京メトロ日比谷線
八丁堀（東京都）,21-30分,24分,乗換1回,東京メトロ日比谷線
小伝馬町,21-30分,27分,乗換1回,東京メトロ日比谷線
入谷（東京都）,21-30分,28分,乗換1回,東京メトロ日比谷線
三ノ輪,21-30分,30分,乗換1回,東京メトロ日比谷線
神保町,21-30分,22分,乗換1回,都営三田線
春日（東京都）,21-30分,26分,乗換1回,都営三田線
白山（東京都）,21-30分,28分,乗換1回,都営三田線
千石,21-30分,30分,乗換1回,都営三田線
青山一丁目,21-30分,22分,乗換1回,東京メトロ銀座線
稲荷町（東京都）,21-30分,24分,乗換1回,東京メトロ銀座線
外苑前,21-30分,24分,乗換1回,東京メトロ銀座線
表参道,21-30分,24分,乗換1回,東京メトロ銀座線
田原町（東京都）,21-30分,25分,乗換1回,東京メトロ銀座線
浅草,21-30分,27分,乗換1回,東京メトロ銀座線
浅草橋,21-30分,22分,乗換1回,ＪＲ総武線各停（御茶ノ水-錦糸町）
両国〔ＪＲ〕,21-30分,23分,乗換1回,ＪＲ総武線各停（御茶ノ水-錦糸町）
錦糸町,21-30分,26分,乗換1回,ＪＲ総武線各停（御茶ノ水-錦糸町）
淡路町,21-30分,22分,乗換1回,東京メトロ丸ノ内線
本郷三丁目,21-30分,26分,乗換1回,東京メトロ丸ノ内線
後楽園,21-30分,27分,乗換1回,東京メトロ丸ノ内線
四谷三丁目,21-30分,28分,乗換2回,東京メトロ丸ノ内線
新宿御苑前,21-30分,30分,乗換2回,東京メトロ丸ノ内線
茗荷谷,21-30分,30分,乗換1回,東京メトロ丸ノ内線
鶴見,21-30分,22分,乗換0回,ＪＲ京浜東北線
田端,21-30分,23分,乗換0回,ＪＲ京浜東北線
上中里,21-30分,26分,乗換0回,ＪＲ京浜東北線
新子安,21-30分,26分,乗換0回,ＪＲ京浜東北線
王子,21-30分,28分,乗換0回,ＪＲ京浜東北線
東神奈川,21-30分,29分,乗換0回,ＪＲ京浜東北線
日の出（東京都）,21-30分,22分,乗換1回,ゆりかもめ
芝浦ふ頭,21-30分,23分,乗換1回,ゆりかもめ
お台場海浜公園,21-30分,29分,乗換1回,ゆりかもめ
武蔵小山,21-30分,22分,乗換1回,東急目黒線
西小山,21-30分,23分,乗換1回,東急目黒線
洗足,21-30分,25分,乗換1回,東急目黒線
奥沢,21-30分,29分,乗換1回,東急目黒線
田園調布,21-30分,30分,乗換1回,東急目黒線
北千束,21-30分,23分,乗換1回,東急大井町線
大岡山,21-30分,25分,乗換1回,東急大井町線
緑が丘（東京都）,21-30分,27分,乗換1回,東急大井町線
自由が丘（東京都）,21-30分,28分,乗換1回,東急大井町線
九品仏,21-30分,30分,乗換1回,東急大井町線
大井競馬場前,21-30分,24分,乗換1回,東京モノレール
流通センター,21-30分,26分,乗換1回,東京モノレール
羽田空港第3ターミナル（モノレール）,21-30分,28分,乗換1回,東京モノレール
昭和島,21-30分,29分,乗換1回,東京モノレール
竹橋,21-30分,24分,乗換1回,東京メトロ東西線
茅場町,21-30分,25分,乗換1回,東京メトロ東西線
九段下,21-30分,26分,乗換1回,東京メトロ東西線
木場,21-30分,29分,乗換1回,東京メトロ東西線
神楽坂,21-30分,30分,乗換1回,東京メトロ東西線
馬喰町,21-30分,25分,乗換1回,ＪＲ総武本線（東京-銚子）
亀戸,21-30分,28分,乗換1回,ＪＲ総武本線（東京-銚子）
平井（東京都）,21-30分,30分,乗換1回,ＪＲ総武本線（東京-銚子）
矢口渡,21-30分,25分,乗換1回,東急多摩川線
武蔵新田,21-30分,26分,乗換1回,東急多摩川線
下丸子,21-30分,28分,乗換1回,東急多摩川線
鵜の木,21-30分,29分,乗換1回,東急多摩川線
池尻大橋,21-30分,26分,乗換1回,東急田園都市線
三軒茶屋,21-30分,28分,乗換1回,東急田園都市線
駒沢大学,21-30分,30分,乗換1回,東急田園都市線
六本木一丁目,21-30分,26分,乗換2回,東京メトロ南北線
神泉,21-30分,27分,乗換1回,京王井の頭線
駒場東大前,21-30分,29分,乗換1回,京王井の頭線
池ノ上,21-30分,30分,乗換1回,京王井の頭線
赤坂（東京都）,21-30分,27分,乗換1回,東京メトロ千代田線
代々木公園,21-30分,27分,乗換1回,東京メトロ千代田線
代々木上原,21-30分,28分,乗換1回,東京メトロ千代田線
湯島,21-30分,28分,乗換1回,東京メトロ千代田線
乃木坂,21-30分,29分,乗換1回,東京メトロ千代田線
根津,21-30分,30分,乗換1回,東京メトロ千代田線
尻手,21-30分,28分,乗換1回,ＪＲ南武線（川崎-立川）
矢向,21-30分,30分,乗換1回,ＪＲ南武線（川崎-立川）
半蔵門,21-30分,28分,乗換2回,東京メトロ半蔵門線
糀谷,21-30分,28分,乗換1回,京急空港線
大鳥居,21-30分,30分,乗換1回,京急空港線
浜町,21-30分,29分,乗換1回,都営新宿線
港町,21-30分,30分,乗換1回,京急大師線
代官山,21-30分,30分,乗換1回,東急東横線
祐天寺,21-30分,30分,乗換2回,東急東横線
横浜,31-40分,31分,乗換0回,ＪＲ京浜東北線
東十条,31-40分,31分,乗換0回,ＪＲ京浜東北線
赤羽,31-40分,34分,乗換0回,ＪＲ京浜東北線
川口,31-40分,38分,乗換0回,ＪＲ京浜東北線
下北沢,31-40分,31分,乗換1回,京王井の頭線
新代田,31-40分,33分,乗換1回,京王井の頭線
東松原,31-40分,34分,乗換1回,京王井の頭線
明大前,31-40分,35分,乗換1回,京王井の頭線
永福町,31-40分,38分,乗換1回,京王井の頭線
学芸大学,31-40分,31分,乗換2回,東急東横線
都立大学,31-40分,33分,乗換2回,東急東横線
穴守稲荷,31-40分,31分,乗換1回,京急空港線
羽田空港第3ターミナル（京急）,31-40分,31分,乗換1回,京急空港線
天空橋,31-40分,33分,乗換1回,京急空港線
沼部,31-40分,31分,乗換1回,東急多摩川線
多摩川,31-40分,32分,乗換1回,東急多摩川線
新三河島,31-40分,31分,乗換1回,京成本線
町屋〔京成線〕,31-40分,32分,乗換1回,京成本線
千住大橋,31-40分,35分,乗換1回,京成本線
京成関屋,31-40分,37分,乗換1回,京成本線
堀切菖蒲園,31-40分,39分,乗換1回,京成本線
お花茶屋,31-40分,40分,乗換1回,京成本線
新宿三丁目,31-40分,31分,乗換2回,東京メトロ丸ノ内線
新大塚,31-40分,32分,乗換1回,東京メトロ丸ノ内線
西新宿,31-40分,32分,乗換1回,東京メトロ丸ノ内線
中野坂上,31-40分,34分,乗換1回,東京メトロ丸ノ内線
新中野,31-40分,36分,乗換1回,東京メトロ丸ノ内線
東高円寺,31-40分,37分,乗換1回,東京メトロ丸ノ内線
新高円寺,31-40分,39分,乗換1回,東京メトロ丸ノ内線
新木場,31-40分,31分,乗換1回,りんかい線
巣鴨,31-40分,31分,乗換0回,ＪＲ山手線
池袋,31-40分,31分,乗換0回,ＪＲ山手線
大塚（東京都）,31-40分,33分,乗換0回,ＪＲ山手線
台場,31-40分,31分,乗換1回,ゆりかもめ
東京国際クルーズターミナル,31-40分,32分,乗換1回,ゆりかもめ
テレコムセンター,31-40分,34分,乗換1回,ゆりかもめ
東京ビッグサイト（ゆりかもめ）,31-40分,34分,乗換2回,ゆりかもめ
有明テニスの森,31-40分,34分,乗換2回,ゆりかもめ
青海（東京都）,31-40分,36分,乗換1回,ゆりかもめ
市場前,31-40分,36分,乗換2回,ゆりかもめ
新豊洲,31-40分,37分,乗換2回,ゆりかもめ
東陽町,31-40分,31分,乗換1回,東京メトロ東西線
早稲田〔東西線〕,31-40分,32分,乗換1回,東京メトロ東西線
南砂町,31-40分,33分,乗換1回,東京メトロ東西線
西葛西,31-40分,36分,乗換1回,東京メトロ東西線
葛西,31-40分,38分,乗換1回,東京メトロ東西線
落合（東京都）,31-40分,39分,乗換1回,東京メトロ東西線
尾久,31-40分,31分,乗換1回,ＪＲ宇都宮線〔東北本線〕・ＪＲ上野東京ライン
尾山台,31-40分,31分,乗換1回,東急大井町線
等々力,31-40分,33分,乗換1回,東急大井町線
上野毛,31-40分,34分,乗換1回,東急大井町線
二子玉川,31-40分,36分,乗換1回,東急大井町線
溝の口〔東急線〕,31-40分,38分,乗換1回,東急大井町線
二子新地,31-40分,39分,乗換1回,東急大井町線
鈴木町,31-40分,31分,乗換1回,京急大師線
川崎大師,31-40分,33分,乗換1回,京急大師線
東門前,31-40分,34分,乗換1回,京急大師線
大師橋,31-40分,36分,乗換1回,京急大師線
小島新田,31-40分,38分,乗換1回,京急大師線
羽田空港第1ターミナル（モノレール）,31-40分,31分,乗換1回,東京モノレール
整備場,31-40分,32分,乗換1回,東京モノレール
羽田空港第2ターミナル（モノレール）,31-40分,33分,乗換1回,東京モノレール
新整備場,31-40分,39分,乗換1回,東京モノレール
越中島,31-40分,32分,乗換1回,ＪＲ京葉線
潮見,31-40分,35分,乗換1回,ＪＲ京葉線
押上[スカイツリー前],31-40分,32分,乗換0回,都営浅草線
菊川（東京都）,31-40分,32分,乗換1回,都営新宿線
住吉（東京都）,31-40分,34分,乗換1回,都営新宿線
曙橋,31-40分,34分,乗換2回,都営新宿線
西大島,31-40分,36分,乗換1回,都営新宿線
大島（東京都）,31-40分,37分,乗換1回,都営新宿線
東大島,31-40分,40分,乗換1回,都営新宿線
国道,31-40分,32分,乗換1回,ＪＲ鶴見線（鶴見-扇町）
鶴見小野,31-40分,33分,乗換1回,ＪＲ鶴見線（鶴見-扇町）
弁天橋,31-40分,35分,乗換1回,ＪＲ鶴見線（鶴見-扇町）
浅野,31-40分,37分,乗換1回,ＪＲ鶴見線（鶴見-扇町）
安善,31-40分,39分,乗換1回,ＪＲ鶴見線（鶴見-扇町）
武蔵白石,31-40分,40分,乗換1回,ＪＲ鶴見線（鶴見-扇町）
雑色,31-40分,32分,乗換1回,京急本線
鶴見市場,31-40分,32分,乗換1回,京急本線
花月総持寺,31-40分,33分,乗換1回,京急本線
八丁畷,31-40分,33分,乗換1回,京急本線
六郷土手,31-40分,33分,乗換1回,京急本線
子安,31-40分,34分,乗換1回,京急本線
生麦,31-40分,35分,乗換1回,京急本線
神奈川新町,31-40分,36分,乗換1回,京急本線
神奈川,31-40分,38分,乗換1回,京急本線
鹿島田,31-40分,32分,乗換1回,ＪＲ南武線（川崎-立川）
平間,31-40分,34分,乗換1回,ＪＲ南武線（川崎-立川）
向河原,31-40分,36分,乗換1回,ＪＲ南武線（川崎-立川）
武蔵中原,31-40分,40分,乗換1回,ＪＲ南武線（川崎-立川）
千駄木,31-40分,32分,乗換1回,東京メトロ千代田線
町屋〔千代田線〕,31-40分,33分,乗換1回,東京メトロ千代田線
中野（東京都）,31-40分,32分,乗換1回,ＪＲ中央本線（東京-塩尻）
東中野,31-40分,32分,乗換1回,ＪＲ中央本線（東京-塩尻）
高円寺,31-40分,34分,乗換1回,ＪＲ中央本線（東京-塩尻）
阿佐ヶ谷,31-40分,36分,乗換1回,ＪＲ中央本線（東京-塩尻）
荻窪,31-40分,38分,乗換1回,ＪＲ中央本線（東京-塩尻）
南千住〔日比谷線〕,31-40分,32分,乗換1回,東京メトロ日比谷線
北千住,31-40分,35分,乗換1回,東京メトロ日比谷線
北参道,31-40分,32分,乗換1回,東京メトロ副都心線
東新宿,31-40分,36分,乗換1回,東京メトロ副都心線
西早稲田,31-40分,38分,乗換1回,東京メトロ副都心線
雑司が谷,31-40分,40分,乗換1回,東京メトロ副都心線
江戸川橋,31-40分,33分,乗換1回,東京メトロ有楽町線
護国寺,31-40分,35分,乗換1回,東京メトロ有楽町線
東池袋,31-40分,37分,乗換1回,東京メトロ有楽町線
桜新町,31-40分,33分,乗換1回,東急田園都市線
用賀,31-40分,35分,乗換1回,東急田園都市線
三河島,31-40分,33分,乗換1回,ＪＲ常磐線
南千住（常磐線）,31-40分,36分,乗換1回,ＪＲ常磐線
新小岩,31-40分,33分,乗換1回,ＪＲ総武本線（東京-銚子）
小岩,31-40分,36分,乗換1回,ＪＲ総武本線（東京-銚子）
市川,31-40分,39分,乗換1回,ＪＲ総武本線（東京-銚子）
東北沢,31-40分,33分,乗換1回,小田急小田原線
南新宿,31-40分,34分,乗換1回,小田急小田原線
参宮橋,31-40分,35分,乗換1回,小田急小田原線
世田谷代田,31-40分,36分,乗換1回,小田急小田原線
代々木八幡,31-40分,37分,乗換1回,小田急小田原線
梅ヶ丘,31-40分,38分,乗換1回,小田急小田原線
豪徳寺,31-40分,39分,乗換1回,小田急小田原線
栄町（東京都）,31-40分,34分,乗換1回,都電荒川線
飛鳥山,31-40分,35分,乗換1回,都電荒川線
梶原,31-40分,36分,乗換1回,都電荒川線
滝野川一丁目,31-40分,36分,乗換1回,都電荒川線
荒川車庫前,31-40分,37分,乗換1回,都電荒川線
荒川七丁目,31-40分,38分,乗換2回,都電荒川線
西ヶ原四丁目,31-40分,38分,乗換1回,都電荒川線
町屋二丁目,31-40分,38分,乗換2回,都電荒川線
荒川一中前,31-40分,38分,乗換2回,都電荒川線
向原（東京都）,31-40分,39分,乗換1回,都電荒川線
荒川区役所前,31-40分,39分,乗換2回,都電荒川線
荒川二丁目,31-40分,39分,乗換2回,都電荒川線
荒川遊園地前,31-40分,39分,乗換1回,都電荒川線
巣鴨新田,31-40分,39分,乗換1回,都電荒川線
東尾久三丁目,31-40分,39分,乗換2回,都電荒川線
庚申塚,31-40分,40分,乗換1回,都電荒川線
京成曳舟,31-40分,34分,乗換0回,京成押上線
八広,31-40分,36分,乗換0回,京成押上線
四ツ木,31-40分,37分,乗換0回,京成押上線
青砥,31-40分,38分,乗換0回,京成押上線
京成立石,31-40分,39分,乗換0回,京成押上線
桜木町,31-40分,34分,乗換0回,ＪＲ根岸線
関内,31-40分,36分,乗換0回,ＪＲ根岸線
石川町,31-40分,38分,乗換0回,ＪＲ根岸線
山手,31-40分,40分,乗換0回,ＪＲ根岸線
新丸子,31-40分,34分,乗換1回,東急目黒線
元住吉,31-40分,37分,乗換1回,東急目黒線
日吉（神奈川県）,31-40分,39分,乗換1回,東急目黒線
西巣鴨,31-40分,34分,乗換1回,都営三田線
新板橋,31-40分,36分,乗換1回,都営三田線
板橋区役所前,31-40分,38分,乗換1回,都営三田線
板橋本町,31-40分,40分,乗換1回,都営三田線
都庁前,31-40分,34分,乗換1回,都営大江戸線（環状部）
牛込神楽坂,31-40分,34分,乗換1回,都営大江戸線（環状部）
牛込柳町,31-40分,36分,乗換1回,都営大江戸線（環状部）
若松河田,31-40分,38分,乗換1回,都営大江戸線（環状部）
浅草（つくばエクスプレス）,31-40分,35分,乗換1回,つくばエクスプレス
下落合（東京都）,31-40分,36分,乗換1回,西武新宿線
中井,31-40分,37分,乗換1回,西武新宿線
新井薬師前,31-40分,39分,乗換1回,西武新宿線
初台,31-40分,36分,乗換1回,京王新線
幡ヶ谷,31-40分,37分,乗換1回,京王新線
西新宿五丁目,31-40分,36分,乗換1回,都営大江戸線（放射部）
東大前,31-40分,36分,乗換2回,東京メトロ南北線
王子神谷,31-40分,37分,乗換1回,東京メトロ南北線
西ヶ原,31-40分,37分,乗換1回,東京メトロ南北線
本駒込,31-40分,37分,乗換1回,東京メトロ南北線
志茂,31-40分,39分,乗換1回,東京メトロ南北線
赤土小学校前,31-40分,36分,乗換1回,都営日暮里・舎人ライナー
熊野前,31-40分,37分,乗換1回,都営日暮里・舎人ライナー
足立小台,31-40分,39分,乗換1回,都営日暮里・舎人ライナー
とうきょうスカイツリー[業平橋],31-40分,37分,乗換2回,東武伊勢崎線〔スカイツリーライン〕
小菅,31-40分,37分,乗換1回,東武伊勢崎線〔スカイツリーライン〕
五反野,31-40分,39分,乗換1回,東武伊勢崎線〔スカイツリーライン〕
笹塚,31-40分,37分,乗換1回,京王線
代田橋,31-40分,38分,乗換1回,京王線
西太子堂,31-40分,37分,乗換2回,東急世田谷線
若林（東京都）,31-40分,39分,乗換2回,東急世田谷線
亀戸水神,31-40分,38分,乗換2回,東武亀戸線
東あずま,31-40分,39分,乗換2回,東武亀戸線
北池袋,31-40分,39分,乗換1回,東武東上線
下板橋,31-40分,40分,乗換1回,東武東上線
大口,31-40分,40分,乗換1回,ＪＲ横浜線
板橋,31-40分,40分,乗換1回,ＪＲ埼京線
綾瀬,41-50分,41分,乗換1回,東京メトロ千代田線
浦安（千葉県）,41-50分,41分,乗換1回,東京メトロ東西線
南行徳,41-50分,42分,乗換1回,東京メトロ東西線
行徳,41-50分,45分,乗換1回,東京メトロ東西線
妙典,41-50分,48分,乗換1回,東京メトロ東西線
原木中山,41-50分,50分,乗換1回,東京メトロ東西線
曳舟,41-50分,41分,乗換2回,東武伊勢崎線〔スカイツリーライン〕（押上-曳舟）
葛西臨海公園,41-50分,41分,乗換1回,ＪＲ京葉線
舞浜,41-50分,44分,乗換1回,ＪＲ京葉線
新浦安,41-50分,48分,乗換1回,ＪＲ京葉線
京成高砂,41-50分,41分,乗換0回,京成本線
京成小岩,41-50分,43分,乗換0回,京成本線
京成八幡,41-50分,47分,乗換0回,京成本線
東中山,41-50分,50分,乗換0回,京成本線
高津（神奈川県）,41-50分,41分,乗換1回,東急大井町線
小村井,41-50分,41分,乗換2回,東武亀戸線
小台,41-50分,41分,乗換1回,都電荒川線
宮ノ前,41-50分,42分,乗換2回,都電荒川線
都電雑司ヶ谷,41-50分,42分,乗換2回,都電荒川線
学習院下,41-50分,44分,乗換2回,都電荒川線
面影橋,41-50分,45分,乗換2回,都電荒川線
松陰神社前,41-50分,41分,乗換2回,東急世田谷線
世田谷,41-50分,42分,乗換2回,東急世田谷線
上町,41-50分,43分,乗換2回,東急世田谷線
宮の坂,41-50分,45分,乗換2回,東急世田谷線
松原（東京都）,41-50分,45分,乗換2回,東急世田谷線
西永福,41-50分,41分,乗換1回,京王井の頭線
久我山,41-50分,42分,乗換1回,京王井の頭線
浜田山,41-50分,42分,乗換1回,京王井の頭線
高井戸,41-50分,44分,乗換1回,京王井の頭線
富士見ヶ丘,41-50分,45分,乗換1回,京王井の頭線
三鷹台,41-50分,49分,乗換1回,京王井の頭線
井の頭公園,41-50分,50分,乗換1回,京王井の頭線
西荻窪,41-50分,41分,乗換1回,ＪＲ中央本線（東京-塩尻）
吉祥寺,41-50分,43分,乗換1回,ＪＲ中央本線（東京-塩尻）
三鷹,41-50分,46分,乗換1回,ＪＲ中央本線（東京-塩尻）
武蔵境,41-50分,48分,乗換1回,ＪＲ中央本線（東京-塩尻）
東小金井,41-50分,50分,乗換1回,ＪＲ中央本線（東京-塩尻）
西川口,41-50分,41分,乗換0回,ＪＲ京浜東北線
蕨,41-50分,43分,乗換0回,ＪＲ京浜東北線
南浦和,41-50分,47分,乗換0回,ＪＲ京浜東北線
南阿佐ヶ谷,41-50分,41分,乗換1回,東京メトロ丸ノ内線
本八幡〔ＪＲ〕,41-50分,41分,乗換1回,ＪＲ総武本線（東京-銚子）
下総中山,41-50分,43分,乗換1回,ＪＲ総武本線（東京-銚子）
船橋,41-50分,45分,乗換1回,ＪＲ総武本線（東京-銚子）
西船橋,41-50分,46分,乗換1回,ＪＲ総武本線（東京-銚子）
津田沼,41-50分,49分,乗換1回,ＪＲ総武本線（東京-銚子）
本蓮沼,41-50分,41分,乗換1回,都営三田線
志村坂上,41-50分,43分,乗換1回,都営三田線
志村三丁目,41-50分,45分,乗換1回,都営三田線
蓮根,41-50分,47分,乗換1回,都営三田線
西台,41-50分,49分,乗換1回,都営三田線
要町,41-50分,41分,乗換1回,東京メトロ有楽町線
千川,41-50分,43分,乗換1回,東京メトロ有楽町線
氷川台,41-50分,47分,乗換1回,東京メトロ有楽町線
平和台（東京都）,41-50分,49分,乗換1回,東京メトロ有楽町線
扇大橋,41-50分,41分,乗換1回,都営日暮里・舎人ライナー
高野（東京都）,41-50分,42分,乗換1回,都営日暮里・舎人ライナー
江北（東京都）,41-50分,44分,乗換1回,都営日暮里・舎人ライナー
西新井大師西,41-50分,45分,乗換1回,都営日暮里・舎人ライナー
谷在家,41-50分,47分,乗換1回,都営日暮里・舎人ライナー
舎人公園,41-50分,49分,乗換1回,都営日暮里・舎人ライナー
新綱島,41-50分,41分,乗換1回,東急新横浜線
下高井戸,41-50分,42分,乗換1回,京王線
桜上水,41-50分,44分,乗換1回,京王線
上北沢,41-50分,45分,乗換1回,京王線
千歳烏山,41-50分,47分,乗換1回,京王線
八幡山,41-50分,48分,乗換1回,京王線
芦花公園,41-50分,49分,乗換1回,京王線
経堂,41-50分,42分,乗換2回,小田急小田原線
成城学園前,41-50分,47分,乗換2回,小田急小田原線
千歳船橋,41-50分,47分,乗換1回,小田急小田原線
祖師ヶ谷大蔵,41-50分,49分,乗換1回,小田急小田原線
戸部,41-50分,42分,乗換1回,京急本線
日ノ出町,41-50分,43分,乗換1回,京急本線
上大岡,41-50分,44分,乗換1回,京急本線
黄金町,41-50分,45分,乗換1回,京急本線
南太田,41-50分,49分,乗換1回,京急本線
高島町,41-50分,42分,乗換1回,横浜市営ブルーライン
三ッ沢下町,41-50分,42分,乗換1回,横浜市営ブルーライン
三ッ沢上町,41-50分,44分,乗換1回,横浜市営ブルーライン
伊勢佐木長者町,41-50分,46分,乗換1回,横浜市営ブルーライン
片倉町,41-50分,46分,乗換1回,横浜市営ブルーライン
阪東橋,41-50分,47分,乗換1回,横浜市営ブルーライン
岸根公園,41-50分,48分,乗換1回,横浜市営ブルーライン
吉野町,41-50分,49分,乗換1回,横浜市営ブルーライン
十条（東京都）,41-50分,42分,乗換1回,ＪＲ埼京線
北赤羽,41-50分,43分,乗換1回,ＪＲ埼京線
浮間舟渡,41-50分,45分,乗換1回,ＪＲ埼京線
戸田公園,41-50分,48分,乗換1回,ＪＲ埼京線
戸田（埼玉県）,41-50分,50分,乗換1回,ＪＲ埼京線
赤羽岩淵,41-50分,42分,乗換1回,東京メトロ南北線
船堀,41-50分,42分,乗換1回,都営新宿線
一之江,41-50分,45分,乗換1回,都営新宿線
瑞江,41-50分,47分,乗換1回,都営新宿線
篠崎,41-50分,50分,乗換1回,都営新宿線
大山（東京都）,41-50分,42分,乗換1回,東武東上線
中板橋,41-50分,46分,乗換1回,東武東上線
ときわ台（東京都）,41-50分,47分,乗換1回,東武東上線
上板橋,41-50分,49分,乗換1回,東武東上線
成増,41-50分,50分,乗換1回,東武東上線
梅島,41-50分,42分,乗換1回,東武伊勢崎線〔スカイツリーライン〕
西新井,41-50分,43分,乗換1回,東武伊勢崎線〔スカイツリーライン〕
東向島,41-50分,43分,乗換2回,東武伊勢崎線〔スカイツリーライン〕
堀切,41-50分,44分,乗換2回,東武伊勢崎線〔スカイツリーライン〕
鐘ヶ淵,41-50分,45分,乗換2回,東武伊勢崎線〔スカイツリーライン〕
竹ノ塚,41-50分,46分,乗換1回,東武伊勢崎線〔スカイツリーライン〕
谷塚,41-50分,49分,乗換1回,東武伊勢崎線〔スカイツリーライン〕
武蔵新城,41-50分,42分,乗換1回,ＪＲ南武線（川崎-立川）
津田山,41-50分,46分,乗換1回,ＪＲ南武線（川崎-立川）
久地,41-50分,48分,乗換1回,ＪＲ南武線（川崎-立川）
宿河原,41-50分,50分,乗換1回,ＪＲ南武線（川崎-立川）
保土ヶ谷,41-50分,42分,乗換1回,ＪＲ横須賀線
東戸塚,41-50分,46分,乗換1回,ＪＲ横須賀線
浦和,41-50分,43分,乗換1回,ＪＲ宇都宮線〔東北本線〕・ＪＲ上野東京ライン
さいたま新都心,41-50分,47分,乗換1回,ＪＲ宇都宮線〔東北本線〕・ＪＲ上野東京ライン
大宮（埼玉県）,41-50分,49分,乗換1回,ＪＲ宇都宮線〔東北本線〕・ＪＲ上野東京ライン
亀有,41-50分,43分,乗換1回,ＪＲ常磐線
金町（東京都）,41-50分,46分,乗換1回,ＪＲ常磐線
松戸,41-50分,48分,乗換1回,ＪＲ常磐線
菊名,41-50分,43分,乗換1回,ＪＲ横浜線
新横浜,41-50分,45分,乗換1回,ＪＲ横浜線
小机,41-50分,47分,乗換1回,ＪＲ横浜線
戸塚,41-50分,43分,乗換1回,ＪＲ東海道本線（東京-熱海）
大船,41-50分,49分,乗換1回,ＪＲ東海道本線（東京-熱海）
根岸（神奈川県）,41-50分,43分,乗換0回,ＪＲ根岸線
磯子,41-50分,46分,乗換0回,ＪＲ根岸線
新杉田,41-50分,48分,乗換0回,ＪＲ根岸線
沼袋,41-50分,43分,乗換1回,西武新宿線
鷺ノ宮,41-50分,45分,乗換1回,西武新宿線
野方,41-50分,45分,乗換1回,西武新宿線
都立家政,41-50分,46分,乗換1回,西武新宿線
上石神井,41-50分,49分,乗換1回,西武新宿線
下井草,41-50分,50分,乗換1回,西武新宿線
椎名町,41-50分,43分,乗換1回,西武池袋線
東長崎,41-50分,45分,乗換1回,西武池袋線
江古田,41-50分,49分,乗換1回,西武池袋線
浜川崎,41-50分,43分,乗換1回,ＪＲ鶴見線（鶴見-扇町）
昭和,41-50分,45分,乗換1回,ＪＲ鶴見線（鶴見-扇町）
扇町（神奈川県）,41-50分,47分,乗換1回,ＪＲ鶴見線（鶴見-扇町）
平沼橋,41-50分,43分,乗換1回,相鉄本線
西横浜,41-50分,45分,乗換1回,相鉄本線
天王町,41-50分,46分,乗換1回,相鉄本線
星川（神奈川県）,41-50分,50分,乗換1回,相鉄本線
新高島,41-50分,43分,乗換1回,横浜高速鉄道みなとみらい線
みなとみらい,41-50分,44分,乗換1回,横浜高速鉄道みなとみらい線
馬車道,41-50分,46分,乗換1回,横浜高速鉄道みなとみらい線
日本大通り,41-50分,47分,乗換1回,横浜高速鉄道みなとみらい線
元町・中華街,41-50分,49分,乗換1回,横浜高速鉄道みなとみらい線
小竹向原,41-50分,44分,乗換1回,東京メトロ副都心線
中野新橋,41-50分,44分,乗換2回,東京メトロ丸ノ内線（中野坂上-方南町）
中野富士見町,41-50分,46分,乗換2回,東京メトロ丸ノ内線（中野坂上-方南町）
方南町,41-50分,48分,乗換2回,東京メトロ丸ノ内線（中野坂上-方南町）
青井,41-50分,44分,乗換1回,つくばエクスプレス
六町,41-50分,46分,乗換1回,つくばエクスプレス
八潮,41-50分,47分,乗換1回,つくばエクスプレス
三郷中央,41-50分,50分,乗換1回,つくばエクスプレス
梶が谷,41-50分,45分,乗換1回,東急田園都市線
鷺沼,41-50分,46分,乗換1回,東急田園都市線
宮崎台,41-50分,47分,乗換1回,東急田園都市線
たまプラーザ,41-50分,48分,乗換1回,東急田園都市線
あざみ野,41-50分,49分,乗換1回,東急田園都市線
宮前平,41-50分,49分,乗換1回,東急田園都市線
川崎新町,41-50分,45分,乗換2回,ＪＲ南武線（尻手-浜川崎）
小田栄,41-50分,46分,乗換2回,ＪＲ南武線（尻手-浜川崎）
反町,41-50分,45分,乗換1回,東急東横線
東白楽,41-50分,47分,乗換1回,東急東横線
白楽,41-50分,48分,乗換1回,東急東横線
綱島,41-50分,49分,乗換2回,東急東横線
妙蓮寺,41-50分,50分,乗換1回,東急東横線
落合南長崎,41-50分,45分,乗換1回,都営大江戸線（放射部）
新江古田,41-50分,47分,乗換1回,都営大江戸線（放射部）
川口元郷,41-50分,45分,乗換1回,埼玉高速鉄道線
南鳩ヶ谷,41-50分,47分,乗換1回,埼玉高速鉄道線
鳩ヶ谷,41-50分,50分,乗換1回,埼玉高速鉄道線
北綾瀬,41-50分,46分,乗換1回,東京メトロ千代田線（綾瀬-北綾瀬）
新柴又,41-50分,47分,乗換0回,京成成田空港線・北総鉄道線
矢切,41-50分,49分,乗換0回,京成成田空港線・北総鉄道線
日吉本町,41-50分,47分,乗換2回,横浜市営グリーンライン
高田（神奈川県）,41-50分,49分,乗換2回,横浜市営グリーンライン
新桜台,41-50分,48分,乗換1回,西武有楽町線
練馬,41-50分,49分,乗換1回,西武有楽町線
新芝浦,41-50分,49分,乗換1回,ＪＲ鶴見線（浅野-海芝浦）
羽沢横浜国大,41-50分,49分,乗換1回,ＪＲ相鉄直通線
井荻,51-60分,51分,乗換1回,西武新宿線
上井草,51-60分,53分,乗換1回,西武新宿線
田無,51-60分,54分,乗換1回,西武新宿線
花小金井,51-60分,57分,乗換1回,西武新宿線
武蔵関,51-60分,57分,乗換2回,西武新宿線
東伏見,51-60分,59分,乗換2回,西武新宿線
小平,51-60分,60分,乗換1回,西武新宿線
井土ヶ谷,51-60分,51分,乗換1回,京急本線
金沢文庫,51-60分,51分,乗換1回,京急本線
金沢八景（京急線）,51-60分,53分,乗換1回,京急本線
弘明寺（京急線）,51-60分,53分,乗換1回,京急本線
屏風浦,51-60分,55分,乗換2回,京急本線
杉田（神奈川県）,51-60分,56分,乗換2回,京急本線
京急富岡,51-60分,59分,乗換2回,京急本線
横須賀中央,51-60分,60分,乗換1回,京急本線
能見台,51-60分,60分,乗換2回,京急本線
海芝浦,51-60分,51分,乗換1回,ＪＲ鶴見線（浅野-海芝浦）
鴨居,51-60分,51分,乗換1回,ＪＲ横浜線
中山（神奈川県）,51-60分,54分,乗換1回,ＪＲ横浜線
十日市場（神奈川県）,51-60分,57分,乗換1回,ＪＲ横浜線
高島平,51-60分,51分,乗換1回,都営三田線
新高島平,51-60分,52分,乗換1回,都営三田線
西高島平,51-60分,54分,乗換1回,都営三田線
桜台（東京都）,51-60分,51分,乗換1回,西武池袋線
中村橋,51-60分,53分,乗換1回,西武池袋線
石神井公園,51-60分,55分,乗換1回,西武池袋線
富士見台,51-60分,55分,乗換1回,西武池袋線
練馬高野台,51-60分,57分,乗換1回,西武池袋線
ひばりヶ丘（東京都）,51-60分,60分,乗換1回,西武池袋線
大泉学園,51-60分,60分,乗換1回,西武池袋線
蒔田,51-60分,51分,乗換1回,横浜市営ブルーライン
踊場,51-60分,51分,乗換2回,横浜市営ブルーライン
弘明寺（横浜市営）,51-60分,52分,乗換1回,横浜市営ブルーライン
港南中央,51-60分,52分,乗換2回,横浜市営ブルーライン
舞岡,51-60分,52分,乗換2回,横浜市営ブルーライン
下永谷,51-60分,53分,乗換2回,横浜市営ブルーライン
中田（神奈川県）,51-60分,53分,乗換2回,横浜市営ブルーライン
北新横浜,51-60分,53分,乗換1回,横浜市営ブルーライン
上永谷,51-60分,55分,乗換2回,横浜市営ブルーライン
新羽,51-60分,55分,乗換1回,横浜市営ブルーライン
立場,51-60分,55分,乗換2回,横浜市営ブルーライン
下飯田,51-60分,57分,乗換2回,横浜市営ブルーライン
仲町台,51-60分,58分,乗換1回,横浜市営ブルーライン
中川（神奈川県）,51-60分,59分,乗換2回,横浜市営ブルーライン
湘南台,51-60分,60分,乗換2回,横浜市営ブルーライン
大川,51-60分,51分,乗換1回,ＪＲ鶴見線（安善-大川）
大倉山（神奈川県）,51-60分,51分,乗換2回,東急東横線
登戸,51-60分,51分,乗換2回,小田急小田原線
向ヶ丘遊園,51-60分,52分,乗換2回,小田急小田原線
喜多見,51-60分,53分,乗換1回,小田急小田原線
狛江,51-60分,55分,乗換1回,小田急小田原線
和泉多摩川,51-60分,57分,乗換1回,小田急小田原線
新百合ヶ丘,51-60分,58分,乗換2回,小田急小田原線
東船橋,51-60分,51分,乗換1回,ＪＲ総武本線（東京-銚子）
稲毛,51-60分,57分,乗換1回,ＪＲ総武本線（東京-銚子）
幕張本郷,51-60分,57分,乗換1回,ＪＲ総武本線（東京-銚子）
千葉,51-60分,60分,乗換1回,ＪＲ総武本線（東京-銚子）
幕張,51-60分,60分,乗換1回,ＪＲ総武本線（東京-銚子）
東武練馬,51-60分,51分,乗換1回,東武東上線
和光市,51-60分,52分,乗換1回,東武東上線
下赤塚,51-60分,53分,乗換1回,東武東上線
朝霞,51-60分,54分,乗換1回,東武東上線
朝霞台,51-60分,56分,乗換1回,東武東上線
志木,51-60分,59分,乗換1回,東武東上線
北浦和,51-60分,51分,乗換2回,ＪＲ京浜東北線
与野,51-60分,54分,乗換2回,ＪＲ京浜東北線
北国分,51-60分,51分,乗換0回,京成成田空港線・北総鉄道線
秋山,51-60分,53分,乗換0回,京成成田空港線・北総鉄道線
東松戸,51-60分,53分,乗換1回,京成成田空港線・北総鉄道線
松飛台,51-60分,57分,乗換0回,京成成田空港線・北総鉄道線
新鎌ヶ谷,51-60分,57分,乗換1回,京成成田空港線・北総鉄道線
大町（千葉県）,51-60分,59分,乗換0回,京成成田空港線・北総鉄道線
洋光台,51-60分,51分,乗換0回,ＪＲ根岸線
港南台,51-60分,54分,乗換0回,ＪＲ根岸線
本郷台,51-60分,57分,乗換0回,ＪＲ根岸線
舎人,51-60分,51分,乗換1回,都営日暮里・舎人ライナー
見沼代親水公園,51-60分,52分,乗換1回,都営日暮里・舎人ライナー
東山田,51-60分,51分,乗換2回,横浜市営グリーンライン
北山田（神奈川県）,51-60分,53分,乗換2回,横浜市営グリーンライン
センター北,51-60分,56分,乗換2回,横浜市営グリーンライン
センター南,51-60分,58分,乗換2回,横浜市営グリーンライン
地下鉄赤塚,51-60分,52分,乗換1回,東京メトロ有楽町線
地下鉄成増,51-60分,54分,乗換1回,東京メトロ有楽町線
江戸川,51-60分,52分,乗換1回,京成本線
海神,51-60分,54分,乗換2回,京成本線
鬼越,51-60分,54分,乗換2回,京成本線
国府台,51-60分,54分,乗換1回,京成本線
大神宮下,51-60分,54分,乗換2回,京成本線
市川真間,51-60分,55分,乗換1回,京成本線
菅野,51-60分,55分,乗換2回,京成本線
京成西船,51-60分,56分,乗換2回,京成本線
京成中山,51-60分,56分,乗換2回,京成本線
船橋競馬場,51-60分,56分,乗換2回,京成本線
谷津,51-60分,57分,乗換2回,京成本線
京成津田沼,51-60分,60分,乗換0回,京成本線
市川塩浜,51-60分,52分,乗換1回,ＪＲ京葉線
二俣新町,51-60分,56分,乗換1回,ＪＲ京葉線
南船橋,51-60分,59分,乗換1回,ＪＲ京葉線
仙川,51-60分,52分,乗換1回,京王線
調布,51-60分,54分,乗換1回,京王線
つつじヶ丘,51-60分,56分,乗換1回,京王線
府中（東京都）,51-60分,59分,乗換1回,京王線
柴崎,51-60分,60分,乗換1回,京王線
草加,51-60分,52分,乗換1回,東武伊勢崎線〔スカイツリーライン〕
獨協大学前[草加松原],51-60分,55分,乗換1回,東武伊勢崎線〔スカイツリーライン〕
新田（埼玉県）,51-60分,57分,乗換1回,東武伊勢崎線〔スカイツリーライン〕
蒲生,51-60分,59分,乗換1回,東武伊勢崎線〔スカイツリーライン〕
新越谷,51-60分,59分,乗換2回,東武伊勢崎線〔スカイツリーライン〕
南流山,51-60分,52分,乗換1回,つくばエクスプレス
流山おおたかの森,51-60分,55分,乗換1回,つくばエクスプレス
流山セントラルパーク,51-60分,58分,乗換1回,つくばエクスプレス
柏の葉キャンパス,51-60分,60分,乗換1回,つくばエクスプレス
豊島園〔大江戸線〕,51-60分,52分,乗換1回,都営大江戸線（放射部）
練馬春日町,51-60分,54分,乗換1回,都営大江戸線（放射部）
光が丘,51-60分,57分,乗換1回,都営大江戸線（放射部）
北戸田,51-60分,52分,乗換1回,ＪＲ埼京線
武蔵浦和,51-60分,55分,乗換1回,ＪＲ埼京線
中浦和,51-60分,57分,乗換1回,ＪＲ埼京線
南与野,51-60分,59分,乗換1回,ＪＲ埼京線
北松戸,51-60分,52分,乗換1回,ＪＲ常磐線
馬橋,51-60分,54分,乗換1回,ＪＲ常磐線
新松戸,51-60分,56分,乗換1回,ＪＲ常磐線
柏,51-60分,56分,乗換1回,ＪＲ常磐線
北小金,51-60分,58分,乗換1回,ＪＲ常磐線
和田町,51-60分,52分,乗換1回,相鉄本線
上星川,51-60分,53分,乗換1回,相鉄本線
西谷,51-60分,54分,乗換1回,相鉄本線
鶴ヶ峰,51-60分,58分,乗換1回,相鉄本線
二俣川,51-60分,58分,乗換1回,相鉄本線
新井宿,51-60分,52分,乗換1回,埼玉高速鉄道線
戸塚安行,51-60分,55分,乗換1回,埼玉高速鉄道線
東川口,51-60分,58分,乗換1回,埼玉高速鉄道線
東京ディズニーランド,51-60分,52分,乗換2回,ディズニーリゾートライン
ベイサイド,51-60分,54分,乗換2回,ディズニーリゾートライン
東京ディズニーシー,51-60分,58分,乗換2回,ディズニーリゾートライン
大師前,51-60分,53分,乗換2回,東武大師線
土呂,51-60分,53分,乗換1回,ＪＲ宇都宮線〔東北本線〕・ＪＲ上野東京ライン
東大宮,51-60分,56分,乗換1回,ＪＲ宇都宮線〔東北本線〕・ＪＲ上野東京ライン
蓮田,51-60分,60分,乗換1回,ＪＲ宇都宮線〔東北本線〕・ＪＲ上野東京ライン
東海神,51-60分,53分,乗換1回,東葉高速線
飯山満,51-60分,57分,乗換1回,東葉高速線
北習志野,51-60分,59分,乗換1回,東葉高速線
武蔵小金井,51-60分,53分,乗換1回,ＪＲ中央本線（東京-塩尻）
国分寺,51-60分,55分,乗換1回,ＪＲ中央本線（東京-塩尻）
西国分寺,51-60分,58分,乗換1回,ＪＲ中央本線（東京-塩尻）
国立,51-60分,60分,乗換1回,ＪＲ中央本線（東京-塩尻）
宮原,51-60分,54分,乗換1回,ＪＲ高崎線
上尾,51-60分,58分,乗換1回,ＪＲ高崎線
北上尾,51-60分,60分,乗換1回,ＪＲ高崎線
青葉台,51-60分,54分,乗換1回,東急田園都市線
江田（神奈川県）,51-60分,57分,乗換1回,東急田園都市線
長津田,51-60分,58分,乗換1回,東急田園都市線
市が尾,51-60分,59分,乗換1回,東急田園都市線
南町田グランベリーパーク,51-60分,60分,乗換1回,東急田園都市線
中野島,51-60分,54分,乗換1回,ＪＲ南武線（川崎-立川）
稲田堤,51-60分,56分,乗換1回,ＪＲ南武線（川崎-立川）
矢野口,51-60分,58分,乗換1回,ＪＲ南武線（川崎-立川）
稲城長沼,51-60分,60分,乗換1回,ＪＲ南武線（川崎-立川）
藤沢,51-60分,54分,乗換1回,ＪＲ東海道本線（東京-熱海）
辻堂,51-60分,58分,乗換1回,ＪＲ東海道本線（東京-熱海）
豊島園〔西武線〕,51-60分,54分,乗換1回,西武豊島線
南部市場,51-60分,55分,乗換1回,金沢シーサイドライン
鳥浜,51-60分,57分,乗換1回,金沢シーサイドライン
並木北,51-60分,58分,乗換1回,金沢シーサイドライン
野島公園,51-60分,58分,乗換2回,金沢シーサイドライン
海の公園南口,51-60分,60分,乗換2回,金沢シーサイドライン
並木中央,51-60分,60分,乗換1回,金沢シーサイドライン
新船橋,51-60分,56分,乗換2回,東武野田線〔アーバンパークライン〕
塚田,51-60分,58分,乗換2回,東武野田線〔アーバンパークライン〕
柴又,51-60分,57分,乗換1回,京成金町線
上本郷,51-60分,58分,乗換2回,新京成電鉄
松戸新田,51-60分,60分,乗換2回,新京成電鉄
船橋法典,51-60分,58分,乗換2回,ＪＲ武蔵野線（府中本町-南船橋）
東浦和,51-60分,58分,乗換1回,ＪＲ武蔵野線（府中本町-南船橋）
富士見町（神奈川県）,51-60分,58分,乗換2回,湘南モノレール
湘南町屋,51-60分,60分,乗換2回,湘南モノレール
新小金井,51-60分,59分,乗換2回,西武多摩川線
北鎌倉,51-60分,60分,乗換1回,ＪＲ横須賀線
