建物種別,建物名,路線情報,駅名,賃料,管理費,月額
賃貸マンション,ＪＲ総武線 船橋駅 5階建 築6年,ＪＲ総武線/船橋駅 歩6分,船橋,11.9,1.05,12.950000000000001
賃貸マンション,マルベリール船橋,東葉高速鉄道/東海神駅 歩5分,東海神,11.9,1.05,12.950000000000001
賃貸マンション,マルベリール船橋,東葉高速鉄道/東海神駅 歩5分,東海神,11.9,1.05,12.950000000000001
賃貸マンション,フェアリア　船橋本町,ＪＲ総武線/船橋駅 歩3分,船橋,14.5,0.0,14.5
賃貸マンション,フェアリア　船橋本町,ＪＲ総武線/船橋駅 歩3分,船橋,14.5,0.0,14.5
賃貸マンション,フェアリア　船橋本町,ＪＲ総武線/船橋駅 歩3分,船橋,15.0,0.0,15.0
賃貸マンション,フェアリア　船橋本町,ＪＲ総武線/船橋駅 歩3分,船橋,15.0,0.0,15.0
賃貸マンション,フェアリア　船橋本町,ＪＲ総武線/船橋駅 歩3分,船橋,15.0,0.0,15.0
賃貸マンション,フェアリア　船橋本町,ＪＲ総武線/船橋駅 歩3分,船橋,16.0,0.0,16.0
賃貸アパート,グレイスゲート新八柱,ＪＲ武蔵野線/新八柱駅 歩4分,新八柱,9.2,0.5,9.7
賃貸アパート,グレイスゲート新八柱,ＪＲ武蔵野線/新八柱駅 歩4分,新八柱,9.5,0.5,10.0
賃貸アパート,ＪＲ武蔵野線 新八柱駅 3階建 新築,ＪＲ武蔵野線/新八柱駅 歩4分,新八柱,9.2,0.5,9.7
賃貸アパート,ＪＲ武蔵野線 新八柱駅 3階建 新築,ＪＲ武蔵野線/新八柱駅 歩4分,新八柱,9.5,0.5,10.0
賃貸マンション,ＪＲ総武線 船橋駅 10階建 築3年,ＪＲ総武線/船橋駅 歩6分,船橋,15.0,0.0,15.0
賃貸マンション,ＪＲ総武線 船橋駅 10階建 築3年,ＪＲ総武線/船橋駅 歩6分,船橋,15.0,0.0,15.0
賃貸マンション,ＪＲ総武線 船橋駅 10階建 築3年,ＪＲ総武線/船橋駅 歩6分,船橋,15.0,0.0,15.0
賃貸マンション,ＥＬＩＺＡＢＥＴＨ,ＪＲ総武線/幕張本郷駅 歩4分,幕張本郷,10.1,0.35,10.45
賃貸マンション,ＥＬＩＺＡＢＥＴＨ,ＪＲ総武線/幕張本郷駅 歩4分,幕張本郷,10.1,0.35,10.45
賃貸マンション,ＥＬＩＺＡＢＥＴＨ,ＪＲ総武線/幕張本郷駅 歩4分,幕張本郷,11.0,0.35,11.35
賃貸マンション,金太郎ヒルズ２５５,京成千葉線/京成幕張本郷駅 歩1分,京成幕張本郷,7.45,1.0,8.45
賃貸マンション,金太郎ヒルズ２５５,京成千葉線/京成幕張本郷駅 歩1分,京成幕張本郷,7.55,1.0,8.55
賃貸マンション,金太郎ヒルズ２５５,京成千葉線/京成幕張本郷駅 歩1分,京成幕張本郷,7.55,1.0,8.55
賃貸マンション,金太郎ヒルズ２５５,京成千葉線/京成幕張本郷駅 歩1分,京成幕張本郷,7.65,1.0,8.65
賃貸マンション,金太郎ヒルズ２５５,京成千葉線/京成幕張本郷駅 歩1分,京成幕張本郷,7.9,1.0,8.9
賃貸マンション,金太郎ヒルズ２５５,京成千葉線/京成幕張本郷駅 歩1分,京成幕張本郷,8.2,1.0,9.2
賃貸マンション,金太郎ヒルズ２５５,京成千葉線/京成幕張本郷駅 歩1分,京成幕張本郷,8.2,1.0,9.2
賃貸マンション,金太郎ヒルズ２５５,京成千葉線/京成幕張本郷駅 歩1分,京成幕張本郷,8.2,1.0,9.2
賃貸マンション,金太郎ヒルズ２５５,京成千葉線/京成幕張本郷駅 歩1分,京成幕張本郷,8.3,1.0,9.3
賃貸マンション,金太郎ヒルズ２５５,京成千葉線/京成幕張本郷駅 歩1分,京成幕張本郷,8.3,1.0,9.3
賃貸アパート,仮）Best　Stage松戸市常盤平II,ＪＲ武蔵野線/新八柱駅 歩6分,新八柱,7.4,0.3,7.7
賃貸アパート,仮）Best　Stage松戸市常盤平II,ＪＲ武蔵野線/新八柱駅 歩6分,新八柱,7.4,0.3,7.7
賃貸アパート,仮）Best　Stage松戸市常盤平II,ＪＲ武蔵野線/新八柱駅 歩6分,新八柱,7.7,0.3,8.0
賃貸アパート,仮）Best　Stage松戸市常盤平II,ＪＲ武蔵野線/新八柱駅 歩6分,新八柱,7.7,0.3,8.0
賃貸アパート,仮）Best　Stage松戸市常盤平II,ＪＲ武蔵野線/新八柱駅 歩6分,新八柱,7.8,0.3,8.1
賃貸アパート,仮）Best　Stage松戸市常盤平II,ＪＲ武蔵野線/新八柱駅 歩6分,新八柱,7.9,0.3,8.200000000000001
賃貸アパート,仮）Best　Stage松戸市常盤平II,ＪＲ武蔵野線/新八柱駅 歩6分,新八柱,7.9,0.3,8.200000000000001
賃貸アパート,仮）Best　Stage松戸市常盤平II,ＪＲ武蔵野線/新八柱駅 歩6分,新八柱,8.0,0.3,8.3
賃貸マンション,京成千葉線 京成幕張本郷駅 7階建 築4年,京成千葉線/京成幕張本郷駅 歩1分,京成幕張本郷,7.45,1.0,8.45
賃貸マンション,京成千葉線 京成幕張本郷駅 7階建 築4年,京成千葉線/京成幕張本郷駅 歩1分,京成幕張本郷,7.55,1.0,8.55
賃貸マンション,京成千葉線 京成幕張本郷駅 7階建 築4年,京成千葉線/京成幕張本郷駅 歩1分,京成幕張本郷,7.55,1.0,8.55
賃貸マンション,京成千葉線 京成幕張本郷駅 7階建 築4年,京成千葉線/京成幕張本郷駅 歩1分,京成幕張本郷,7.65,1.0,8.65
賃貸マンション,京成千葉線 京成幕張本郷駅 7階建 築4年,京成千葉線/京成幕張本郷駅 歩1分,京成幕張本郷,8.2,1.0,9.2
賃貸マンション,京成千葉線 京成幕張本郷駅 7階建 築4年,京成千葉線/京成幕張本郷駅 歩1分,京成幕張本郷,8.2,1.0,9.2
賃貸マンション,京成千葉線 京成幕張本郷駅 7階建 築4年,京成千葉線/京成幕張本郷駅 歩1分,京成幕張本郷,8.3,1.0,9.3
賃貸マンション,京成千葉線 京成幕張本郷駅 7階建 築4年,京成千葉線/京成幕張本郷駅 歩1分,京成幕張本郷,8.3,1.0,9.3
賃貸マンション,ＪＲ総武線 幕張本郷駅 3階建 築10年,ＪＲ総武線/幕張本郷駅 歩4分,幕張本郷,10.1,0.35,10.45
賃貸マンション,ＪＲ総武線 幕張本郷駅 3階建 築10年,ＪＲ総武線/幕張本郷駅 歩4分,幕張本郷,10.1,0.35,10.45
賃貸マンション,椿荘　 casa　camelliarum,ＪＲ総武線/西船橋駅 歩3分,西船橋,12.0,0.8,12.8
賃貸アパート,セレナＨ,京成本線/京成船橋駅 歩5分,京成船橋,11.0,0.3,11.3
賃貸マンション,都営新宿線 本八幡駅 地下1地上12階建 築2年,都営新宿線/本八幡駅 歩1分,本八幡,12.1,0.7,12.799999999999999
賃貸マンション,都営新宿線 本八幡駅 地下1地上12階建 築2年,都営新宿線/本八幡駅 歩1分,本八幡,12.6,0.7,13.299999999999999
賃貸マンション,グリシーヌ,ＪＲ総武線/船橋駅 歩5分,船橋,13.5,0.9,14.4
賃貸マンション,グリシーヌ,ＪＲ総武線/船橋駅 歩5分,船橋,13.5,0.9,14.4
賃貸マンション,グリシーヌ,ＪＲ総武線/船橋駅 歩5分,船橋,13.5,0.9,14.4
賃貸マンション,パークアクシス市川,京成本線/市川真間駅 歩2分,市川真間,12.3,1.0,13.3
賃貸マンション,ＪＲ総武線 船橋駅 4階建 新築,ＪＲ総武線/船橋駅 歩5分,船橋,13.3,0.5,13.8
賃貸マンション,ＪＲ総武線 船橋駅 4階建 新築,ＪＲ総武線/船橋駅 歩5分,船橋,13.3,0.5,13.8
賃貸マンション,ＪＲ総武線 船橋駅 4階建 新築,ＪＲ総武線/船橋駅 歩5分,船橋,13.3,0.5,13.8
賃貸マンション,ＪＲ総武線 船橋駅 4階建 新築,ＪＲ総武線/船橋駅 歩5分,船橋,13.3,0.5,13.8
賃貸マンション,ＪＲ総武線 船橋駅 4階建 新築,ＪＲ総武線/船橋駅 歩5分,船橋,13.3,0.5,13.8
賃貸マンション,ＪＲ総武線 船橋駅 4階建 新築,ＪＲ総武線/船橋駅 歩5分,船橋,13.3,0.5,13.8
賃貸マンション,ＪＲ総武線 船橋駅 4階建 新築,ＪＲ総武線/船橋駅 歩5分,船橋,13.3,0.5,13.8
賃貸マンション,ＪＲ総武線 船橋駅 4階建 新築,ＪＲ総武線/船橋駅 歩5分,船橋,13.3,0.5,13.8
賃貸マンション,ＪＲ総武線 船橋駅 4階建 新築,ＪＲ総武線/船橋駅 歩5分,船橋,13.3,0.5,13.8
賃貸マンション,ＪＲ総武線 船橋駅 4階建 新築,ＪＲ総武線/船橋駅 歩5分,船橋,14.3,0.5,14.8
賃貸マンション,ラピスラズリ,ＪＲ総武線/船橋駅 歩5分,船橋,12.4,0.6,13.0
賃貸アパート,ＪＲ総武線 船橋駅 3階建 築7年,ＪＲ総武線/船橋駅 歩7分,船橋,13.0,0.55,13.55
賃貸アパート,ＪＲ総武線 船橋駅 3階建 築7年,ＪＲ総武線/船橋駅 歩7分,船橋,13.6,0.55,14.15
賃貸アパート,ＪＲ総武線 船橋駅 3階建 築7年,ＪＲ総武線/船橋駅 歩7分,船橋,13.6,0.55,14.15
賃貸マンション,マ・メゾン新松戸III,ＪＲ常磐線/新松戸駅 歩3分,新松戸,10.3,0.8,11.100000000000001
賃貸マンション,ＪＲ総武線快速 市川駅 13階建 新築,ＪＲ総武線快速/市川駅 歩5分,市川,14.6,1.0,15.6
賃貸マンション,ＪＲ総武線快速 市川駅 13階建 新築,ＪＲ総武線快速/市川駅 歩5分,市川,14.7,1.0,15.7
賃貸マンション,ＪＲ総武線快速 市川駅 13階建 新築,ＪＲ総武線快速/市川駅 歩5分,市川,15.0,1.5,16.5
賃貸マンション,ＪＲ総武線快速 市川駅 13階建 新築,ＪＲ総武線快速/市川駅 歩5分,市川,15.1,1.5,16.6
賃貸マンション,ヴランドール船橋本町 新築計画,京成本線/京成船橋駅 歩4分,京成船橋,13.3,0.5,13.8
賃貸マンション,ヴランドール船橋本町 新築計画,京成本線/京成船橋駅 歩4分,京成船橋,13.3,0.5,13.8
賃貸マンション,ヴランドール船橋本町 新築計画,京成本線/京成船橋駅 歩4分,京成船橋,13.3,0.5,13.8
賃貸マンション,ヴランドール船橋本町 新築計画,京成本線/京成船橋駅 歩4分,京成船橋,13.3,0.5,13.8
賃貸マンション,ヴランドール船橋本町 新築計画,京成本線/京成船橋駅 歩4分,京成船橋,13.3,0.5,13.8
賃貸マンション,ヴランドール船橋本町 新築計画,京成本線/京成船橋駅 歩4分,京成船橋,14.3,0.5,14.8
賃貸マンション,レ・ソール本八幡パラシオン,都営新宿線/本八幡駅 歩1分,本八幡,12.1,0.7,12.799999999999999
賃貸マンション,レ・ソール本八幡パラシオン,都営新宿線/本八幡駅 歩1分,本八幡,12.6,0.7,13.299999999999999
賃貸マンション,ＪＲ総武線快速 船橋駅 9階建 築3年,ＪＲ総武線快速/船橋駅 歩5分,船橋,13.5,0.9,14.4
賃貸マンション,Ｓｅａｗｅｅｄ　Ｒｅｓｉｄｅｎｃｅ,ＪＲ総武線快速/船橋駅 歩5分,船橋,14.3,0.8,15.100000000000001
賃貸マンション,Ｓｅａｗｅｅｄ　Ｒｅｓｉｄｅｎｃｅ,ＪＲ総武線快速/船橋駅 歩5分,船橋,14.3,0.8,15.100000000000001
賃貸マンション,Ｓｅａｗｅｅｄ　Ｒｅｓｉｄｅｎｃｅ,ＪＲ総武線快速/船橋駅 歩5分,船橋,14.4,0.8,15.200000000000001
賃貸マンション,Ｓｅａｗｅｅｄ　Ｒｅｓｉｄｅｎｃｅ,ＪＲ総武線快速/船橋駅 歩5分,船橋,14.4,0.8,15.200000000000001
賃貸マンション,Ｓｅａｗｅｅｄ　Ｒｅｓｉｄｅｎｃｅ,ＪＲ総武線快速/船橋駅 歩5分,船橋,14.4,0.8,15.200000000000001
賃貸マンション,Ｓｅａｗｅｅｄ　Ｒｅｓｉｄｅｎｃｅ,ＪＲ総武線快速/船橋駅 歩5分,船橋,14.4,0.8,15.200000000000001
賃貸マンション,Ｓｅａｗｅｅｄ　Ｒｅｓｉｄｅｎｃｅ,ＪＲ総武線快速/船橋駅 歩5分,船橋,14.5,0.8,15.3
賃貸マンション,Ｓｅａｗｅｅｄ　Ｒｅｓｉｄｅｎｃｅ,ＪＲ総武線快速/船橋駅 歩5分,船橋,14.5,0.8,15.3
賃貸マンション,Ｓｅａｗｅｅｄ　Ｒｅｓｉｄｅｎｃｅ,ＪＲ総武線快速/船橋駅 歩5分,船橋,14.5,0.8,15.3
賃貸マンション,サントル　ビレッジ,ＪＲ総武線/幕張本郷駅 歩5分,幕張本郷,11.4,0.8,12.200000000000001
賃貸アパート,ディアコート,ＪＲ総武線/船橋駅 歩7分,船橋,13.6,0.55,14.15
賃貸マンション,ＪＲ総武線 船橋駅 7階建 築6年,ＪＲ総武線/船橋駅 歩12分,船橋,7.6,0.7,8.299999999999999
賃貸マンション,ソフトライフビル,ＪＲ総武線/幕張本郷駅 歩4分,幕張本郷,8.7,0.5,9.2
賃貸マンション,ソフトライフビル,ＪＲ総武線/幕張本郷駅 歩4分,幕張本郷,9.1,0.5,9.6
賃貸マンション,G-LUX（ジールクス）Makuharihongo,ＪＲ総武線/幕張本郷駅 歩5分,幕張本郷,14.8,0.85,15.65
賃貸マンション,G-LUX（ジールクス）Makuharihongo,ＪＲ総武線/幕張本郷駅 歩5分,幕張本郷,15.3,0.85,16.150000000000002
賃貸マンション,ＹＳＤビル,ＪＲ総武線/市川駅 歩1分,市川,14.0,1.0,15.0
賃貸マンション,ＹＳＤビル,ＪＲ総武線/市川駅 歩1分,市川,15.5,1.0,16.5
賃貸マンション,ＪＲ総武線快速 船橋駅 5階建 築4年,ＪＲ総武線快速/船橋駅 歩7分,船橋,9.2,0.8,10.0
賃貸マンション,エクセレントシティ本八幡駅前サザンライズ,ＪＲ総武線/本八幡駅 歩2分,本八幡,17.5,0.0,17.5
賃貸マンション,ビレッタ市川,ＪＲ総武線/市川駅 歩9分,市川,12.9,0.8,13.700000000000001
賃貸マンション,ウィンメゾン船橋伍号館,ＪＲ総武線/船橋駅 歩3分,船橋,13.4,0.7,14.1
賃貸マンション,プラージュ幕張,ＪＲ総武線/幕張駅 歩4分,幕張,7.4,0.7,8.1
賃貸アパート,ＪＲ総武線 西船橋駅 3階建 新築,ＪＲ総武線/西船橋駅 歩10分,西船橋,8.6,0.48,9.08
賃貸アパート,ＪＲ総武線 西船橋駅 3階建 新築,ＪＲ総武線/西船橋駅 歩10分,西船橋,8.6,0.48,9.08
賃貸アパート,ＪＲ総武線 西船橋駅 3階建 新築,ＪＲ総武線/西船橋駅 歩10分,西船橋,8.6,0.48,9.08
賃貸アパート,ＪＲ総武線 西船橋駅 3階建 新築,ＪＲ総武線/西船橋駅 歩10分,西船橋,8.6,0.48,9.08
賃貸アパート,ＪＲ総武線 西船橋駅 3階建 新築,ＪＲ総武線/西船橋駅 歩10分,西船橋,8.6,0.48,9.08
賃貸アパート,ＪＲ総武線 西船橋駅 3階建 新築,ＪＲ総武線/西船橋駅 歩10分,西船橋,8.6,0.48,9.08
賃貸アパート,ＪＲ総武線 西船橋駅 3階建 新築,ＪＲ総武線/西船橋駅 歩10分,西船橋,8.7,0.48,9.18
賃貸アパート,ＪＲ総武線 西船橋駅 3階建 新築,ＪＲ総武線/西船橋駅 歩10分,西船橋,8.7,0.48,9.18
賃貸アパート,ＪＲ総武線 西船橋駅 3階建 新築,ＪＲ総武線/西船橋駅 歩10分,西船橋,8.7,0.48,9.18
賃貸アパート,ＪＲ総武線 西船橋駅 3階建 新築,ＪＲ総武線/西船橋駅 歩10分,西船橋,8.7,0.48,9.18
賃貸アパート,ＪＲ総武線 西船橋駅 3階建 新築,ＪＲ総武線/西船橋駅 歩10分,西船橋,8.7,0.48,9.18
賃貸アパート,ＪＲ総武線 西船橋駅 3階建 新築,ＪＲ総武線/西船橋駅 歩10分,西船橋,8.7,0.48,9.18
賃貸アパート,ＪＲ総武線 西船橋駅 3階建 新築,ＪＲ総武線/西船橋駅 歩10分,西船橋,8.7,0.48,9.18
賃貸アパート,ＪＲ総武線 西船橋駅 3階建 新築,ＪＲ総武線/西船橋駅 歩10分,西船橋,8.7,0.48,9.18
賃貸アパート,ＪＲ総武線 西船橋駅 3階建 新築,ＪＲ総武線/西船橋駅 歩10分,西船橋,11.1,0.48,11.58
賃貸アパート,ＪＲ総武線 西船橋駅 3階建 新築,ＪＲ総武線/西船橋駅 歩10分,西船橋,11.1,0.48,11.58
賃貸アパート,ＪＲ総武線 西船橋駅 3階建 新築,ＪＲ総武線/西船橋駅 歩10分,西船橋,11.1,0.48,11.58
賃貸アパート,ＪＲ総武線 西船橋駅 3階建 新築,ＪＲ総武線/西船橋駅 歩10分,西船橋,11.1,0.48,11.58
賃貸アパート,ＪＲ総武線 西船橋駅 3階建 新築,ＪＲ総武線/西船橋駅 歩10分,西船橋,11.1,0.48,11.58
賃貸アパート,ＪＲ総武線 西船橋駅 3階建 新築,ＪＲ総武線/西船橋駅 歩10分,西船橋,11.2,0.48,11.68
賃貸アパート,ＪＲ総武線 西船橋駅 3階建 新築,ＪＲ総武線/西船橋駅 歩10分,西船橋,11.2,0.48,11.68
賃貸アパート,ＪＲ総武線 西船橋駅 3階建 新築,ＪＲ総武線/西船橋駅 歩10分,西船橋,11.2,0.48,11.68
賃貸アパート,ＪＲ総武線 西船橋駅 3階建 新築,ＪＲ総武線/西船橋駅 歩10分,西船橋,11.2,0.48,11.68
賃貸アパート,Ｃｈａｒｍｅ南流山,ＪＲ武蔵野線/南流山駅 歩5分,南流山,7.0,0.4,7.4
賃貸マンション,Ａｒｃｅｎｃｉｅｌ幕張,ＪＲ総武線/幕張駅 歩3分,幕張,7.6,0.5,8.1
賃貸マンション,Ａｒｃｅｎｃｉｅｌ幕張,ＪＲ総武線/幕張駅 歩3分,幕張,7.7,0.5,8.2
賃貸アパート,SR松戸,ＪＲ常磐線/松戸駅 歩6分,松戸,8.6,0.3,8.9
賃貸アパート,SR松戸,ＪＲ常磐線/松戸駅 歩6分,松戸,8.6,0.3,8.9
賃貸アパート,SR松戸,ＪＲ常磐線/松戸駅 歩6分,松戸,8.6,0.3,8.9
賃貸アパート,SR松戸,ＪＲ常磐線/松戸駅 歩6分,松戸,8.7,0.3,9.0
賃貸マンション,つくばエクスプレス 流山おおたかの森駅 5階建 築7年,つくばエクスプレス/流山おおたかの森駅 歩2分,流山おおたかの森,9.9,0.6,10.5
賃貸アパート,つくばエクスプレス 流山セントラルパーク駅 3階建 築7年,つくばエクスプレス/流山セントラルパーク駅 歩6分,流山セントラルパーク,9.7,0.7,10.399999999999999
賃貸マンション,ＪＲ総武線 市川駅 4階建 築3年,ＪＲ総武線/市川駅 歩9分,市川,12.9,0.8,13.700000000000001
賃貸マンション,Ｃａｌｍｅ,ＪＲ総武線/本八幡駅 歩10分,本八幡,10.0,0.45,10.45
賃貸アパート,新京成線 北習志野駅 2階建 築2年,新京成線/北習志野駅 歩3分,北習志野,9.6,0.4,10.0
賃貸アパート,パティーナ,ＪＲ常磐線/北松戸駅 歩4分,北松戸,10.7,0.6,11.299999999999999
賃貸アパート,ＪＲ常磐線 天王台駅 3階建 新築,ＪＲ常磐線/天王台駅 歩5分,天王台,7.1,0.5,7.6
賃貸アパート,ＪＲ常磐線 天王台駅 3階建 新築,ＪＲ常磐線/天王台駅 歩5分,天王台,7.1,0.5,7.6
賃貸アパート,ＪＲ常磐線 天王台駅 3階建 新築,ＪＲ常磐線/天王台駅 歩5分,天王台,7.1,0.5,7.6
賃貸アパート,ＪＲ常磐線 天王台駅 3階建 新築,ＪＲ常磐線/天王台駅 歩5分,天王台,7.3,0.5,7.8
賃貸アパート,ＪＲ常磐線 天王台駅 3階建 新築,ＪＲ常磐線/天王台駅 歩5分,天王台,7.3,0.5,7.8
賃貸アパート,ＪＲ常磐線 天王台駅 3階建 新築,ＪＲ常磐線/天王台駅 歩5分,天王台,7.3,0.5,7.8
賃貸アパート,ＪＲ常磐線 天王台駅 3階建 新築,ＪＲ常磐線/天王台駅 歩5分,天王台,7.3,0.5,7.8
賃貸アパート,ＪＲ常磐線 天王台駅 3階建 新築,ＪＲ常磐線/天王台駅 歩5分,天王台,7.4,0.5,7.9
賃貸アパート,ＪＲ常磐線 天王台駅 3階建 新築,ＪＲ常磐線/天王台駅 歩5分,天王台,7.5,0.5,8.0
賃貸アパート,ＪＲ常磐線 天王台駅 3階建 新築,ＪＲ常磐線/天王台駅 歩5分,天王台,7.6,0.5,8.1
賃貸アパート,ＪＲ常磐線 天王台駅 3階建 新築,ＪＲ常磐線/天王台駅 歩5分,天王台,7.1,0.5,7.6
賃貸アパート,ＪＲ常磐線 天王台駅 3階建 新築,ＪＲ常磐線/天王台駅 歩5分,天王台,7.3,0.5,7.8
賃貸マンション,パークリュクス南船橋,ＪＲ京葉線/南船橋駅 歩2分,南船橋,13.9,0.5,14.4
賃貸マンション,パークリュクス南船橋,ＪＲ京葉線/南船橋駅 歩2分,南船橋,14.8,0.0,14.8
賃貸マンション,パークリュクス南船橋,ＪＲ京葉線/南船橋駅 歩2分,南船橋,15.8,1.0,16.8
賃貸アパート,ルシール,つくばエクスプレス/南流山駅 歩6分,南流山,9.0,0.7,9.7
賃貸アパート,ルシール,つくばエクスプレス/南流山駅 歩6分,南流山,9.3,0.7,10.0
賃貸アパート,ルシール,つくばエクスプレス/南流山駅 歩6分,南流山,9.5,0.7,10.2
賃貸アパート,つくばエクスプレス 南流山駅 3階建 築9年,つくばエクスプレス/南流山駅 歩7分,南流山,9.0,0.7,9.7
賃貸アパート,つくばエクスプレス 南流山駅 3階建 築9年,つくばエクスプレス/南流山駅 歩7分,南流山,9.3,0.7,10.0
賃貸アパート,つくばエクスプレス 南流山駅 3階建 築9年,つくばエクスプレス/南流山駅 歩7分,南流山,9.5,0.7,10.2
賃貸マンション,つくばエクスプレス 流山おおたかの森駅 10階建 築10年,つくばエクスプレス/流山おおたかの森駅 歩5分,流山おおたかの森,9.7,0.55,10.25
賃貸マンション,ヴェルジールおおたかの森,つくばエクスプレス/流山おおたかの森駅 歩5分,流山おおたかの森,9.7,0.55,10.25
賃貸アパート,ＪＲ常磐線 北松戸駅 3階建 築1年,ＪＲ常磐線/北松戸駅 歩3分,北松戸,7.2,0.3,7.5
賃貸アパート,ホワイトコーストピノ,東京メトロ東西線/南行徳駅 歩3分,南行徳,11.0,0.5,11.5
賃貸マンション,メゾンピノポルタ,ＪＲ常磐線/松戸駅 歩5分,松戸,10.8,0.6,11.4
賃貸マンション,つくばエクスプレス 流山おおたかの森駅 3階建 築7年,つくばエクスプレス/流山おおたかの森駅 歩5分,流山おおたかの森,11.7,0.7,12.399999999999999
賃貸マンション,エクセルメゾン北柏,ＪＲ常磐線/北柏駅 歩1分,北柏,8.7,0.9,9.6
賃貸マンション,グランディール,東京メトロ東西線/原木中山駅 歩2分,原木中山,11.2,0.65,11.85
賃貸マンション,東京メトロ東西線 原木中山駅 3階建 築4年,東京メトロ東西線/原木中山駅 歩2分,原木中山,11.2,0.65,11.85
賃貸アパート,京成本線 大神宮下駅 3階建 築1年,京成本線/大神宮下駅 歩3分,大神宮下,11.2,0.35,11.549999999999999
賃貸アパート,ＪＲ常磐線 松戸駅 3階建 新築,ＪＲ常磐線/松戸駅 歩6分,松戸,8.6,0.3,8.9
賃貸アパート,ＪＲ常磐線 松戸駅 3階建 新築,ＪＲ常磐線/松戸駅 歩6分,松戸,8.6,0.3,8.9
賃貸アパート,ＪＲ常磐線 松戸駅 3階建 新築,ＪＲ常磐線/松戸駅 歩6分,松戸,8.6,0.3,8.9
賃貸アパート,ＪＲ常磐線 松戸駅 3階建 新築,ＪＲ常磐線/松戸駅 歩6分,松戸,8.7,0.3,9.0
賃貸マンション,エミネンスおおたかの森,つくばエクスプレス/流山おおたかの森駅 歩2分,流山おおたかの森,9.5,0.6,10.1
賃貸マンション,エミネンスおおたかの森,つくばエクスプレス/流山おおたかの森駅 歩2分,流山おおたかの森,9.9,0.6,10.5
賃貸マンション,東京メトロ東西線 西船橋駅 12階建 築6年,東京メトロ東西線/西船橋駅 歩5分,西船橋,13.4,0.8,14.200000000000001
賃貸アパート,ルアナメゾン馬橋02,ＪＲ常磐線/馬橋駅 歩4分,馬橋,7.2,0.4,7.6000000000000005
賃貸アパート,ルアナメゾン馬橋02,ＪＲ常磐線/馬橋駅 歩4分,馬橋,7.6,0.4,8.0
賃貸マンション,ＪＲ常磐線 馬橋駅 4階建 築5年,ＪＲ常磐線/馬橋駅 歩5分,馬橋,10.9,0.8,11.700000000000001
賃貸アパート,仮称）千葉市稲毛区稲毛台町 新築計画,ＪＲ総武線/稲毛駅 歩6分,稲毛,8.4,0.3,8.700000000000001
賃貸アパート,ＪＲ総武線 稲毛駅 2階建 新築,ＪＲ総武線/稲毛駅 歩6分,稲毛,8.4,0.3,8.700000000000001
賃貸マンション,ART RESIDENCE IN OoTAKA-no-MORI,東武野田線/流山おおたかの森駅 歩2分,流山おおたかの森,12.6,0.0,12.6
賃貸マンション,ロオジエ,つくばエクスプレス/流山おおたかの森駅 歩4分,流山おおたかの森,12.2,1.0,13.2
賃貸マンション,ロオジエ,つくばエクスプレス/流山おおたかの森駅 歩4分,流山おおたかの森,12.3,1.0,13.3
賃貸マンション,ロオジエ,つくばエクスプレス/流山おおたかの森駅 歩4分,流山おおたかの森,12.5,1.0,13.5
賃貸マンション,フェリシア　おおたかの森,つくばエクスプレス/流山おおたかの森駅 歩2分,流山おおたかの森,11.8,0.7,12.5
賃貸マンション,フェリシア　おおたかの森,つくばエクスプレス/流山おおたかの森駅 歩2分,流山おおたかの森,11.8,0.8,12.600000000000001
賃貸マンション,レフィールオーブ南行徳駅前,東京メトロ東西線/南行徳駅 歩3分,南行徳,10.0,1.0,11.0
賃貸マンション,レフィールオーブ南行徳駅前,東京メトロ東西線/南行徳駅 歩3分,南行徳,10.3,1.0,11.3
賃貸マンション,東京メトロ東西線 南行徳駅 14階建 築3年,東京メトロ東西線/南行徳駅 歩3分,南行徳,10.0,1.0,11.0
賃貸マンション,東京メトロ東西線 南行徳駅 14階建 築3年,東京メトロ東西線/南行徳駅 歩3分,南行徳,10.3,1.0,11.3
賃貸マンション,東京メトロ東西線 南行徳駅 14階建 築3年,東京メトロ東西線/南行徳駅 歩3分,南行徳,10.3,1.0,11.3
賃貸アパート,M-th,新京成線/松戸新田駅 歩4分,松戸新田,9.0,0.55,9.55
賃貸アパート,新京成線 松戸新田駅 3階建 築2年,新京成線/松戸新田駅 歩4分,松戸新田,9.0,0.55,9.55
賃貸マンション,オ・ソレイユ 千葉,京成千葉線/新千葉駅 歩3分,新千葉,12.1,0.9,13.0
賃貸マンション,オ・ソレイユ 千葉,京成千葉線/新千葉駅 歩3分,新千葉,12.1,0.9,13.0
賃貸マンション,オ・ソレイユ 千葉,京成千葉線/新千葉駅 歩3分,新千葉,12.1,0.9,13.0
賃貸マンション,ＪＲ武蔵野線 船橋法典駅 6階建 築9年,ＪＲ武蔵野線/船橋法典駅 歩5分,船橋法典,9.6,0.61,10.209999999999999
賃貸アパート,ディーラヴェニュー,ＪＲ総武線/西船橋駅 歩10分,西船橋,8.6,0.48,9.08
賃貸アパート,ディーラヴェニュー,ＪＲ総武線/西船橋駅 歩10分,西船橋,8.6,0.48,9.08
賃貸アパート,ディーラヴェニュー,ＪＲ総武線/西船橋駅 歩10分,西船橋,8.6,0.48,9.08
賃貸アパート,ディーラヴェニュー,ＪＲ総武線/西船橋駅 歩10分,西船橋,8.7,0.48,9.18
賃貸アパート,ディーラヴェニュー,ＪＲ総武線/西船橋駅 歩10分,西船橋,8.7,0.48,9.18
賃貸アパート,ディーラヴェニュー,ＪＲ総武線/西船橋駅 歩10分,西船橋,8.7,0.48,9.18
賃貸アパート,ディーラヴェニュー,ＪＲ総武線/西船橋駅 歩10分,西船橋,8.7,0.48,9.18
賃貸アパート,ディーラヴェニュー,ＪＲ総武線/西船橋駅 歩10分,西船橋,9.9,0.48,10.38
賃貸アパート,ディーラヴェニュー,ＪＲ総武線/西船橋駅 歩10分,西船橋,11.1,0.48,11.58
賃貸アパート,ディーラヴェニュー,ＪＲ総武線/西船橋駅 歩10分,西船橋,11.1,0.48,11.58
賃貸アパート,ディーラヴェニュー,ＪＲ総武線/西船橋駅 歩10分,西船橋,11.1,0.48,11.58
賃貸アパート,ディーラヴェニュー,ＪＲ総武線/西船橋駅 歩10分,西船橋,11.2,0.48,11.68
賃貸アパート,ディーラヴェニュー,ＪＲ総武線/西船橋駅 歩10分,西船橋,11.2,0.48,11.68
賃貸マンション,ユニオネスト我孫子,ＪＲ常磐線/我孫子駅 歩2分,我孫子,8.3,0.5,8.8
賃貸マンション,Regaro北習志野EAST,新京成線/北習志野駅 歩3分,北習志野,8.4,0.5,8.9
賃貸マンション,Regaro北習志野EAST,新京成線/北習志野駅 歩3分,北習志野,8.4,0.5,8.9
賃貸マンション,Regaro北習志野EAST,新京成線/北習志野駅 歩3分,北習志野,8.4,0.5,8.9
賃貸マンション,Regaro北習志野EAST,新京成線/北習志野駅 歩3分,北習志野,8.7,0.5,9.2
賃貸マンション,Regaro北習志野EAST,新京成線/北習志野駅 歩3分,北習志野,8.7,0.5,9.2
賃貸マンション,Regaro北習志野EAST,新京成線/北習志野駅 歩3分,北習志野,8.7,0.5,9.2
賃貸マンション,Regaro北習志野EAST,新京成線/北習志野駅 歩3分,北習志野,8.9,0.5,9.4
賃貸マンション,Regaro北習志野EAST,新京成線/北習志野駅 歩3分,北習志野,10.8,0.5,11.3
賃貸マンション,ＣＡＳＡ　ＤＥ　ＡＬＩＶＩＯ,ＪＲ総武線快速/千葉駅 歩7分,千葉,9.6,0.9,10.5
賃貸マンション,ＣＡＳＡ　ＤＥ　ＡＬＩＶＩＯ,ＪＲ総武線快速/千葉駅 歩7分,千葉,9.7,0.9,10.6
賃貸マンション,ＣＡＳＡ　ＤＥ　ＡＬＩＶＩＯ,ＪＲ総武線快速/千葉駅 歩7分,千葉,9.8,0.9,10.700000000000001
賃貸マンション,ＣＡＳＡ　ＤＥ　ＡＬＩＶＩＯ,ＪＲ総武線快速/千葉駅 歩7分,千葉,9.8,0.9,10.700000000000001
賃貸マンション,ＣＡＳＡ　ＤＥ　ＡＬＩＶＩＯ,ＪＲ総武線快速/千葉駅 歩7分,千葉,10.0,0.9,10.9
賃貸マンション,ＣＡＳＡ　ＤＥ　ＡＬＩＶＩＯ,ＪＲ総武線快速/千葉駅 歩7分,千葉,10.2,0.9,11.1
賃貸マンション,ＣＡＳＡ　ＤＥ　ＡＬＩＶＩＯ,ＪＲ総武線快速/千葉駅 歩7分,千葉,10.2,0.9,11.1
賃貸マンション,ＣＡＳＡ　ＤＥ　ＡＬＩＶＩＯ,ＪＲ総武線快速/千葉駅 歩7分,千葉,11.1,0.9,12.0
賃貸マンション,ＩＳ（イズ）,ＪＲ総武線/千葉駅 歩7分,千葉,15.5,1.2,16.7
賃貸マンション,ＩＳ（イズ）,ＪＲ総武線/千葉駅 歩7分,千葉,15.5,1.4,16.9
賃貸マンション,ＪＲ総武線 千葉駅 8階建 築3年,ＪＲ総武線/千葉駅 歩6分,千葉,12.1,0.9,13.0
賃貸マンション,ＪＲ総武線 千葉駅 8階建 築3年,ＪＲ総武線/千葉駅 歩6分,千葉,12.1,0.9,13.0
賃貸マンション,ベルメゾン弁天 by HEBEL,ＪＲ総武線/千葉駅 歩6分,千葉,12.3,0.2,12.5
賃貸アパート,メゾン・ドゥ・アッシュＡｂｉｋｏ,ＪＲ常磐線/天王台駅 歩5分,天王台,7.1,0.5,7.6
賃貸アパート,メゾン・ドゥ・アッシュＡｂｉｋｏ,ＪＲ常磐線/天王台駅 歩5分,天王台,7.1,0.5,7.6
賃貸アパート,メゾン・ドゥ・アッシュＡｂｉｋｏ,ＪＲ常磐線/天王台駅 歩5分,天王台,7.1,0.5,7.6
賃貸アパート,メゾン・ドゥ・アッシュＡｂｉｋｏ,ＪＲ常磐線/天王台駅 歩5分,天王台,7.1,0.5,7.6
賃貸アパート,メゾン・ドゥ・アッシュＡｂｉｋｏ,ＪＲ常磐線/天王台駅 歩5分,天王台,7.1,0.5,7.6
賃貸アパート,メゾン・ドゥ・アッシュＡｂｉｋｏ,ＪＲ常磐線/天王台駅 歩5分,天王台,7.3,0.5,7.8
賃貸アパート,メゾン・ドゥ・アッシュＡｂｉｋｏ,ＪＲ常磐線/天王台駅 歩5分,天王台,7.3,0.5,7.8
賃貸アパート,メゾン・ドゥ・アッシュＡｂｉｋｏ,ＪＲ常磐線/天王台駅 歩5分,天王台,7.3,0.5,7.8
賃貸アパート,メゾン・ドゥ・アッシュＡｂｉｋｏ,ＪＲ常磐線/天王台駅 歩5分,天王台,7.3,0.5,7.8
賃貸アパート,メゾン・ドゥ・アッシュＡｂｉｋｏ,ＪＲ常磐線/天王台駅 歩5分,天王台,7.3,0.5,7.8
賃貸アパート,メゾン・ドゥ・アッシュＡｂｉｋｏ,ＪＲ常磐線/天王台駅 歩5分,天王台,7.4,0.5,7.9
賃貸アパート,メゾン・ドゥ・アッシュＡｂｉｋｏ,ＪＲ常磐線/天王台駅 歩5分,天王台,7.4,0.5,7.9
賃貸アパート,メゾン・ドゥ・アッシュＡｂｉｋｏ,ＪＲ常磐線/天王台駅 歩5分,天王台,7.5,0.5,8.0
賃貸アパート,メゾン・ドゥ・アッシュＡｂｉｋｏ,ＪＲ常磐線/天王台駅 歩5分,天王台,7.6,0.5,8.1
賃貸アパート,メゾン・ドゥ・アッシュＡｂｉｋｏ,ＪＲ常磐線/天王台駅 歩5分,天王台,7.6,0.5,8.1
賃貸マンション,アーバングレース下総中山,ＪＲ総武線/下総中山駅 歩7分,下総中山,10.3,0.5,10.8
賃貸マンション,アーバングレース下総中山,ＪＲ総武線/下総中山駅 歩7分,下総中山,10.5,0.5,11.0
賃貸マンション,アーバングレース下総中山,ＪＲ総武線/下総中山駅 歩7分,下総中山,11.0,0.5,11.5
賃貸マンション,アーバングレース下総中山,ＪＲ総武線/下総中山駅 歩7分,下総中山,11.0,0.5,11.5
賃貸マンション,アーバングレース下総中山,ＪＲ総武線/下総中山駅 歩7分,下総中山,11.2,0.5,11.7
賃貸マンション,アーバングレース下総中山,ＪＲ総武線/下総中山駅 歩7分,下総中山,11.2,0.5,11.7
賃貸マンション,アーバングレース下総中山,ＪＲ総武線/下総中山駅 歩7分,下総中山,11.4,0.5,11.9
賃貸マンション,アーバングレース下総中山,ＪＲ総武線/下総中山駅 歩7分,下総中山,11.6,0.5,12.1
賃貸マンション,アーバングレース下総中山,ＪＲ総武線/下総中山駅 歩7分,下総中山,13.8,0.5,14.3
賃貸マンション,アーバングレース下総中山,ＪＲ総武線/下総中山駅 歩7分,下総中山,14.0,0.5,14.5
賃貸アパート,メゾン・ドゥ・アッシュ,ＪＲ常磐線/天王台駅 歩5分,天王台,7.1,0.5,7.6
賃貸アパート,メゾン・ドゥ・アッシュ,ＪＲ常磐線/天王台駅 歩5分,天王台,7.1,0.5,7.6
賃貸アパート,メゾン・ドゥ・アッシュ,ＪＲ常磐線/天王台駅 歩5分,天王台,7.1,0.5,7.6
賃貸アパート,メゾン・ドゥ・アッシュ,ＪＲ常磐線/天王台駅 歩5分,天王台,7.3,0.5,7.8
賃貸アパート,メゾン・ドゥ・アッシュ,ＪＲ常磐線/天王台駅 歩5分,天王台,7.3,0.5,7.8
賃貸アパート,メゾン・ドゥ・アッシュ,ＪＲ常磐線/天王台駅 歩5分,天王台,7.3,0.5,7.8
賃貸アパート,メゾン・ドゥ・アッシュ,ＪＲ常磐線/天王台駅 歩5分,天王台,7.3,0.5,7.8
賃貸アパート,メゾン・ドゥ・アッシュ,ＪＲ常磐線/天王台駅 歩5分,天王台,7.4,0.5,7.9
賃貸アパート,メゾン・ドゥ・アッシュ,ＪＲ常磐線/天王台駅 歩5分,天王台,7.5,0.5,8.0
賃貸アパート,メゾン・ドゥ・アッシュ,ＪＲ常磐線/天王台駅 歩5分,天王台,7.6,0.5,8.1
賃貸マンション,Ｌa・Ｆwlice千葉登戸（ラ フェリーチェ）,ＪＲ総武線/千葉駅 歩7分,千葉,11.2,0.9,12.1
賃貸マンション,Ｌa・Ｆwlice千葉登戸（ラ フェリーチェ）,ＪＲ総武線/千葉駅 歩7分,千葉,11.2,0.9,12.1
賃貸マンション,Ｌa・Ｆwlice千葉登戸（ラ フェリーチェ）,ＪＲ総武線/千葉駅 歩7分,千葉,11.3,0.9,12.200000000000001
賃貸マンション,Ｌa・Ｆwlice千葉登戸（ラ フェリーチェ）,ＪＲ総武線/千葉駅 歩7分,千葉,11.3,0.9,12.200000000000001
賃貸マンション,Ｌa・Ｆwlice千葉登戸（ラ フェリーチェ）,ＪＲ総武線/千葉駅 歩7分,千葉,11.4,0.9,12.3
賃貸マンション,Ｌa・Ｆwlice千葉登戸（ラ フェリーチェ）,ＪＲ総武線/千葉駅 歩7分,千葉,11.4,0.9,12.3
賃貸マンション,Ｌa・Ｆwlice千葉登戸（ラ フェリーチェ）,ＪＲ総武線/千葉駅 歩7分,千葉,11.5,0.9,12.4
賃貸マンション,Ｌa・Ｆwlice千葉登戸（ラ フェリーチェ）,ＪＲ総武線/千葉駅 歩7分,千葉,11.5,0.9,12.4
賃貸マンション,ＪＲ総武線 千葉駅 5階建 新築,ＪＲ総武線/千葉駅 歩7分,千葉,11.2,0.9,12.1
賃貸マンション,ＪＲ総武線 千葉駅 5階建 新築,ＪＲ総武線/千葉駅 歩7分,千葉,11.3,0.9,12.200000000000001
賃貸マンション,ＪＲ総武線 千葉駅 5階建 新築,ＪＲ総武線/千葉駅 歩7分,千葉,11.3,0.9,12.200000000000001
賃貸マンション,ＪＲ総武線 千葉駅 5階建 新築,ＪＲ総武線/千葉駅 歩7分,千葉,11.4,0.9,12.3
賃貸マンション,ＪＲ総武線 千葉駅 5階建 新築,ＪＲ総武線/千葉駅 歩7分,千葉,11.4,0.9,12.3
賃貸マンション,ＪＲ総武線 千葉駅 5階建 新築,ＪＲ総武線/千葉駅 歩7分,千葉,11.5,0.9,12.4
賃貸マンション,ＪＲ総武線 千葉駅 5階建 新築,ＪＲ総武線/千葉駅 歩7分,千葉,11.5,0.9,12.4
賃貸マンション,ＪＲ総武線 幕張駅 4階建 築9年,ＪＲ総武線/幕張駅 歩7分,幕張,7.7,0.35,8.05
賃貸アパート,Smile I,ＪＲ常磐線/馬橋駅 歩7分,馬橋,8.5,0.6,9.1
賃貸アパート,アルメール,ＪＲ総武線/東船橋駅 歩5分,東船橋,9.7,0.5,10.2
賃貸マンション,ＬＩＧＨＴ　　ＨＯＵＳＥ,つくばエクスプレス/流山セントラルパーク駅 歩2分,流山セントラルパーク,10.5,1.2,11.7
賃貸マンション,つくばエクスプレス 流山セントラルパーク駅 8階建 築3年,つくばエクスプレス/流山セントラルパーク駅 歩2分,流山セントラルパーク,10.5,1.2,11.7
賃貸アパート,SK豊四季 エスケートヨシキ,東武野田線/豊四季駅 歩4分,豊四季,7.4,0.3,7.7
賃貸アパート,SK豊四季 エスケートヨシキ,東武野田線/豊四季駅 歩4分,豊四季,7.5,0.3,7.8
賃貸アパート,東武野田線 豊四季駅 3階建 新築,東武野田線/豊四季駅 歩4分,豊四季,7.4,0.3,7.7
賃貸アパート,ＡＪ北松戸００３,ＪＲ常磐線/北松戸駅 歩2分,北松戸,7.8,0.3,8.1
賃貸アパート,RegaroII,東京メトロ東西線/南行徳駅 歩7分,南行徳,11.3,0.4,11.700000000000001
賃貸マンション,プライムメゾン千葉新町,ＪＲ総武線/千葉駅 歩6分,千葉,15.0,2.0,17.0
賃貸マンション,プライムメゾン千葉新町,ＪＲ総武線/千葉駅 歩6分,千葉,15.0,2.0,17.0
賃貸マンション,プライムメゾン千葉新町,ＪＲ総武線/千葉駅 歩6分,千葉,15.0,2.0,17.0
賃貸マンション,プライムメゾン千葉新町,ＪＲ総武線/千葉駅 歩6分,千葉,15.1,2.0,17.1
賃貸マンション,プライムメゾン千葉新町,ＪＲ総武線/千葉駅 歩6分,千葉,15.1,2.0,17.1
賃貸マンション,プライムメゾン千葉新町,ＪＲ総武線/千葉駅 歩6分,千葉,15.1,2.0,17.1
賃貸マンション,プライムメゾン千葉新町,ＪＲ総武線/千葉駅 歩6分,千葉,15.1,2.0,17.1
賃貸マンション,プライムメゾン千葉新町,ＪＲ総武線/千葉駅 歩6分,千葉,15.1,2.0,17.1
賃貸マンション,プライムメゾン千葉新町,ＪＲ総武線/千葉駅 歩6分,千葉,15.2,2.0,17.2
賃貸マンション,プライムメゾン千葉新町,ＪＲ総武線/千葉駅 歩6分,千葉,15.2,2.0,17.2
賃貸マンション,プライムメゾン千葉新町,ＪＲ総武線/千葉駅 歩6分,千葉,15.2,2.0,17.2
賃貸マンション,プライムメゾン千葉新町,ＪＲ総武線/千葉駅 歩6分,千葉,15.2,2.0,17.2
賃貸マンション,プライムメゾン千葉新町,ＪＲ総武線/千葉駅 歩6分,千葉,15.2,2.0,17.2
賃貸マンション,プライムメゾン千葉新町,ＪＲ総武線/千葉駅 歩6分,千葉,15.25,2.0,17.25
賃貸マンション,プライムメゾン千葉新町,ＪＲ総武線/千葉駅 歩6分,千葉,15.25,2.0,17.25
賃貸マンション,プライムメゾン千葉新町,ＪＲ総武線/千葉駅 歩6分,千葉,15.3,2.0,17.3
賃貸マンション,プライムメゾン千葉新町,ＪＲ総武線/千葉駅 歩6分,千葉,15.35,2.0,17.35
賃貸マンション,プライムメゾン千葉新町,ＪＲ総武線/千葉駅 歩6分,千葉,16.8,1.1,17.900000000000002
賃貸マンション,プライムメゾン千葉新町,ＪＲ総武線/千葉駅 歩6分,千葉,16.8,1.1,17.900000000000002
賃貸マンション,プライムメゾン千葉新町,ＪＲ総武線/千葉駅 歩6分,千葉,17.0,1.1,18.1
賃貸マンション,プライムメゾン千葉新町,ＪＲ総武線/千葉駅 歩6分,千葉,17.0,1.1,18.1
賃貸マンション,アーバンウェッジ,ＪＲ総武線/東船橋駅 歩7分,東船橋,11.0,0.65,11.65
賃貸マンション,ベルディアコート,ＪＲ総武線/下総中山駅 歩2分,下総中山,11.6,0.45,12.049999999999999
賃貸マンション,パークアクシス浦安,東京メトロ東西線/浦安駅 歩2分,浦安,11.6,1.5,13.1
賃貸マンション,パークアクシス浦安,東京メトロ東西線/浦安駅 歩2分,浦安,11.7,1.5,13.2
賃貸マンション,パークアクシス浦安,東京メトロ東西線/浦安駅 歩2分,浦安,11.8,1.5,13.3
賃貸マンション,パークアクシス浦安,東京メトロ東西線/浦安駅 歩2分,浦安,11.9,1.5,13.4
賃貸マンション,パークアクシス浦安,東京メトロ東西線/浦安駅 歩2分,浦安,12.0,1.5,13.5
賃貸マンション,パークアクシス浦安,東京メトロ東西線/浦安駅 歩2分,浦安,12.3,1.5,13.8
賃貸マンション,パークアクシス浦安,東京メトロ東西線/浦安駅 歩2分,浦安,12.3,1.5,13.8
賃貸マンション,パークアクシス浦安,東京メトロ東西線/浦安駅 歩2分,浦安,12.4,1.5,13.9
賃貸マンション,パークアクシス浦安,東京メトロ東西線/浦安駅 歩2分,浦安,12.5,1.5,14.0
賃貸マンション,パークアクシス浦安,東京メトロ東西線/浦安駅 歩2分,浦安,12.5,1.5,14.0
賃貸マンション,パークアクシス浦安,東京メトロ東西線/浦安駅 歩2分,浦安,12.7,1.5,14.2
賃貸マンション,パークアクシス浦安,東京メトロ東西線/浦安駅 歩2分,浦安,13.0,1.5,14.5
賃貸マンション,パークアクシス浦安,東京メトロ東西線/浦安駅 歩2分,浦安,13.0,1.5,14.5
賃貸マンション,パークアクシス浦安,東京メトロ東西線/浦安駅 歩2分,浦安,13.3,1.5,14.8
賃貸マンション,パークアクシス浦安,東京メトロ東西線/浦安駅 歩2分,浦安,13.7,1.5,15.2
賃貸マンション,パークアクシス浦安,東京メトロ東西線/浦安駅 歩2分,浦安,22.9,1.5,24.4
賃貸マンション,パークアクシス浦安,東京メトロ東西線/浦安駅 歩2分,浦安,24.5,1.5,26.0
賃貸マンション,東京メトロ東西線 浦安駅 14階建 新築,東京メトロ東西線/浦安駅 歩2分,浦安,12.0,1.5,13.5
賃貸マンション,東京メトロ東西線 浦安駅 14階建 新築,東京メトロ東西線/浦安駅 歩2分,浦安,12.3,1.5,13.8
賃貸マンション,東京メトロ東西線 浦安駅 14階建 新築,東京メトロ東西線/浦安駅 歩2分,浦安,12.3,1.5,13.8
賃貸マンション,東京メトロ東西線 浦安駅 14階建 新築,東京メトロ東西線/浦安駅 歩2分,浦安,12.5,1.5,14.0
賃貸マンション,東京メトロ東西線 浦安駅 14階建 新築,東京メトロ東西線/浦安駅 歩2分,浦安,12.7,1.5,14.2
賃貸マンション,東京メトロ東西線 浦安駅 14階建 新築,東京メトロ東西線/浦安駅 歩2分,浦安,13.0,1.5,14.5
賃貸マンション,東京メトロ東西線 浦安駅 14階建 新築,東京メトロ東西線/浦安駅 歩2分,浦安,13.0,1.5,14.5
賃貸マンション,東京メトロ東西線 浦安駅 14階建 新築,東京メトロ東西線/浦安駅 歩2分,浦安,13.3,1.5,14.8
賃貸マンション,東京メトロ東西線 浦安駅 14階建 新築,東京メトロ東西線/浦安駅 歩2分,浦安,13.7,1.5,15.2
賃貸マンション,東京メトロ東西線 浦安駅 14階建 新築,東京メトロ東西線/浦安駅 歩2分,浦安,22.9,1.5,24.4
賃貸アパート,ＪＲ総武線 幕張駅 3階建 築2年,ＪＲ総武線/幕張駅 歩7分,幕張,7.7,0.3,8.0
賃貸アパート,ＡＪ幕張,ＪＲ総武線/幕張駅 歩7分,幕張,7.7,0.3,8.0
賃貸マンション,ＪＲ総武線 下総中山駅 4階建 新築,ＪＲ総武線/下総中山駅 歩3分,下総中山,8.5,0.3,8.8
賃貸マンション,ＪＲ総武線 下総中山駅 4階建 新築,ＪＲ総武線/下総中山駅 歩3分,下総中山,8.5,0.3,8.8
賃貸マンション,ＪＲ総武線 千葉駅 15階建 新築,ＪＲ総武線/千葉駅 歩4分,千葉,11.5,0.5,12.0
賃貸マンション,ＪＲ総武線 千葉駅 15階建 新築,ＪＲ総武線/千葉駅 歩4分,千葉,11.8,0.5,12.3
賃貸マンション,ＪＲ総武線 千葉駅 15階建 新築,ＪＲ総武線/千葉駅 歩4分,千葉,11.9,0.5,12.4
賃貸マンション,ＪＲ総武線 千葉駅 15階建 新築,ＪＲ総武線/千葉駅 歩4分,千葉,12.0,0.5,12.5
賃貸マンション,ＪＲ総武線 千葉駅 15階建 新築,ＪＲ総武線/千葉駅 歩4分,千葉,12.0,0.5,12.5
賃貸マンション,ＪＲ総武線 千葉駅 15階建 新築,ＪＲ総武線/千葉駅 歩4分,千葉,12.0,0.5,12.5
賃貸マンション,ＪＲ総武線 千葉駅 15階建 新築,ＪＲ総武線/千葉駅 歩4分,千葉,12.0,0.5,12.5
賃貸マンション,ＪＲ総武線 千葉駅 15階建 新築,ＪＲ総武線/千葉駅 歩4分,千葉,12.0,0.5,12.5
賃貸マンション,ＪＲ総武線 千葉駅 15階建 新築,ＪＲ総武線/千葉駅 歩4分,千葉,12.0,0.5,12.5
賃貸マンション,ＪＲ総武線 千葉駅 15階建 新築,ＪＲ総武線/千葉駅 歩4分,千葉,12.2,0.5,12.7
賃貸マンション,ＪＲ総武線 千葉駅 15階建 新築,ＪＲ総武線/千葉駅 歩4分,千葉,12.2,0.5,12.7
賃貸マンション,ＪＲ総武線 千葉駅 15階建 新築,ＪＲ総武線/千葉駅 歩4分,千葉,12.2,0.5,12.7
賃貸マンション,ＪＲ総武線 千葉駅 15階建 新築,ＪＲ総武線/千葉駅 歩4分,千葉,12.2,0.5,12.7
賃貸マンション,ＪＲ総武線 千葉駅 15階建 新築,ＪＲ総武線/千葉駅 歩4分,千葉,12.4,0.5,12.9
賃貸マンション,ＪＲ総武線 千葉駅 15階建 新築,ＪＲ総武線/千葉駅 歩4分,千葉,12.4,0.5,12.9
賃貸マンション,ＪＲ総武線 千葉駅 15階建 新築,ＪＲ総武線/千葉駅 歩4分,千葉,12.4,0.5,12.9
賃貸マンション,ＪＲ総武線 千葉駅 15階建 新築,ＪＲ総武線/千葉駅 歩4分,千葉,12.4,0.5,12.9
賃貸マンション,ＪＲ総武線 千葉駅 15階建 新築,ＪＲ総武線/千葉駅 歩4分,千葉,12.4,0.5,12.9
賃貸マンション,ＪＲ総武線 千葉駅 15階建 新築,ＪＲ総武線/千葉駅 歩4分,千葉,12.6,0.5,13.1
賃貸マンション,ＪＲ総武線 千葉駅 15階建 新築,ＪＲ総武線/千葉駅 歩4分,千葉,12.6,0.5,13.1
賃貸マンション,ＪＲ総武線 千葉駅 15階建 新築,ＪＲ総武線/千葉駅 歩4分,千葉,12.6,0.5,13.1
賃貸マンション,ＪＲ総武線 千葉駅 15階建 新築,ＪＲ総武線/千葉駅 歩4分,千葉,12.8,0.5,13.3
賃貸マンション,ＪＲ総武線 千葉駅 15階建 新築,ＪＲ総武線/千葉駅 歩4分,千葉,12.8,0.5,13.3
賃貸マンション,ＪＲ総武線 千葉駅 15階建 新築,ＪＲ総武線/千葉駅 歩4分,千葉,12.8,0.5,13.3
賃貸マンション,ＪＲ総武線 千葉駅 15階建 新築,ＪＲ総武線/千葉駅 歩4分,千葉,12.8,0.5,13.3
賃貸マンション,ＪＲ総武線 千葉駅 15階建 新築,ＪＲ総武線/千葉駅 歩4分,千葉,12.9,0.5,13.4
賃貸マンション,ＪＲ総武線 千葉駅 15階建 新築,ＪＲ総武線/千葉駅 歩4分,千葉,12.9,0.5,13.4
賃貸マンション,ＪＲ総武線 千葉駅 15階建 新築,ＪＲ総武線/千葉駅 歩4分,千葉,12.9,0.5,13.4
賃貸マンション,ＪＲ総武線 千葉駅 15階建 新築,ＪＲ総武線/千葉駅 歩4分,千葉,13.0,0.5,13.5
賃貸マンション,ＪＲ総武線 千葉駅 15階建 新築,ＪＲ総武線/千葉駅 歩4分,千葉,13.0,0.5,13.5
賃貸マンション,ＪＲ総武線 千葉駅 15階建 新築,ＪＲ総武線/千葉駅 歩4分,千葉,13.0,0.5,13.5
賃貸マンション,ＪＲ総武線 千葉駅 15階建 新築,ＪＲ総武線/千葉駅 歩4分,千葉,13.0,0.5,13.5
賃貸マンション,ＪＲ総武線 千葉駅 15階建 新築,ＪＲ総武線/千葉駅 歩4分,千葉,13.0,0.5,13.5
賃貸マンション,ＪＲ総武線 千葉駅 15階建 新築,ＪＲ総武線/千葉駅 歩4分,千葉,13.0,0.5,13.5
賃貸マンション,ＪＲ総武線 千葉駅 15階建 新築,ＪＲ総武線/千葉駅 歩4分,千葉,13.0,0.5,13.5
賃貸マンション,ＪＲ総武線 千葉駅 15階建 新築,ＪＲ総武線/千葉駅 歩4分,千葉,13.2,0.5,13.7
賃貸マンション,ＪＲ総武線 千葉駅 15階建 新築,ＪＲ総武線/千葉駅 歩4分,千葉,13.2,0.5,13.7
賃貸マンション,ＪＲ総武線 千葉駅 15階建 新築,ＪＲ総武線/千葉駅 歩4分,千葉,13.2,0.5,13.7
賃貸マンション,ＪＲ総武線 千葉駅 15階建 新築,ＪＲ総武線/千葉駅 歩4分,千葉,13.2,0.5,13.7
賃貸マンション,ＪＲ総武線 千葉駅 15階建 新築,ＪＲ総武線/千葉駅 歩4分,千葉,13.2,0.5,13.7
賃貸アパート,仮称；東船橋４丁目アパート,ＪＲ総武線/東船橋駅 歩7分,東船橋,9.75,0.22,9.97
賃貸アパート,ＪＲ総武線 東船橋駅 3階建 新築,ＪＲ総武線/東船橋駅 歩7分,東船橋,9.75,0.22,9.97
賃貸アパート,ＪＲ総武線 新検見川駅 2階建 築3年,ＪＲ総武線/新検見川駅 歩7分,新検見川,7.1,0.3,7.3999999999999995
賃貸マンション,つくばエクスプレス 南流山駅 4階建 築7年,つくばエクスプレス/南流山駅 歩7分,南流山,8.0,0.6,8.6
賃貸マンション,つくばエクスプレス 南流山駅 4階建 築7年,つくばエクスプレス/南流山駅 歩7分,南流山,8.4,0.6,9.0
賃貸アパート,千葉市花見川区武石町２丁目計画,ＪＲ総武線/幕張駅 歩7分,幕張,7.6,0.4,8.0
賃貸アパート,千葉市花見川区武石町２丁目計画,ＪＲ総武線/幕張駅 歩7分,幕張,7.8,0.4,8.2
賃貸アパート,千葉市花見川区武石町２丁目計画,ＪＲ総武線/幕張駅 歩7分,幕張,7.9,0.4,8.3
賃貸マンション,ＪＲ常磐線 柏駅 8階建 新築,ＪＲ常磐線/柏駅 歩4分,柏,12.3,0.9,13.200000000000001
賃貸マンション,ＪＲ常磐線 柏駅 8階建 新築,ＪＲ常磐線/柏駅 歩4分,柏,12.4,0.9,13.3
賃貸マンション,ＪＲ常磐線 柏駅 8階建 新築,ＪＲ常磐線/柏駅 歩4分,柏,12.4,0.9,13.3
賃貸マンション,ＪＲ常磐線 柏駅 8階建 新築,ＪＲ常磐線/柏駅 歩4分,柏,12.5,0.9,13.4
賃貸マンション,ＪＲ常磐線 柏駅 8階建 新築,ＪＲ常磐線/柏駅 歩4分,柏,12.5,0.9,13.4
賃貸マンション,ＪＲ常磐線 柏駅 8階建 新築,ＪＲ常磐線/柏駅 歩4分,柏,12.7,0.9,13.6
賃貸マンション,ＪＲ常磐線 柏駅 8階建 新築,ＪＲ常磐線/柏駅 歩4分,柏,12.8,0.9,13.700000000000001
賃貸マンション,ＪＲ常磐線 柏駅 8階建 新築,ＪＲ常磐線/柏駅 歩4分,柏,13.1,0.9,14.0
賃貸マンション,ＪＲ常磐線 柏駅 8階建 新築,ＪＲ常磐線/柏駅 歩4分,柏,14.0,0.9,14.9
賃貸マンション,ＪＲ常磐線 柏駅 8階建 新築,ＪＲ常磐線/柏駅 歩4分,柏,14.1,0.9,15.0
賃貸マンション,ＪＲ常磐線 柏駅 8階建 新築,ＪＲ常磐線/柏駅 歩4分,柏,14.3,0.9,15.200000000000001
賃貸マンション,ＪＲ常磐線 柏駅 8階建 新築,ＪＲ常磐線/柏駅 歩4分,柏,14.5,0.9,15.4
賃貸マンション,ＭａｘｉｍｕｓIII,ＪＲ総武線/幕張駅 歩5分,幕張,7.9,0.5,8.4
賃貸マンション,ＪＲ総武線 幕張駅 4階建 築7年,ＪＲ総武線/幕張駅 歩4分,幕張,7.9,0.5,8.4
賃貸マンション,幕張　ＴＨＥ　ＳＵＩＴＥ,ＪＲ総武線/幕張駅 歩4分,幕張,7.3,0.6,7.8999999999999995
賃貸マンション,幕張　ＴＨＥ　ＳＵＩＴＥ,ＪＲ総武線/幕張駅 歩4分,幕張,7.3,0.6,7.8999999999999995
賃貸マンション,幕張　ＴＨＥ　ＳＵＩＴＥ,ＪＲ総武線/幕張駅 歩4分,幕張,7.5,0.6,8.1
賃貸マンション,ＪＲ総武線 幕張駅 5階建 築7年,ＪＲ総武線/幕張駅 歩4分,幕張,7.3,0.6,7.8999999999999995
賃貸マンション,エムアイカーサ,ＪＲ総武線/下総中山駅 歩4分,下総中山,14.9,0.7,15.6
賃貸マンション,エムアイカーサ,ＪＲ総武線/下総中山駅 歩4分,下総中山,14.9,0.7,15.6
賃貸マンション,エムアイカーサ,ＪＲ総武線/下総中山駅 歩4分,下総中山,15.4,0.7,16.1
賃貸マンション,エムアイカーサ,ＪＲ総武線/下総中山駅 歩4分,下総中山,15.4,0.7,16.1
賃貸マンション,エムアイカーサ,ＪＲ総武線/下総中山駅 歩4分,下総中山,15.9,0.7,16.6
賃貸マンション,サンカント・オラージュ船橋,京成本線/大神宮下駅 歩5分,大神宮下,9.2,0.8,10.0
賃貸マンション,ＨＥＢＥＬ　ＭＡＩＳＯＮ　ＭＡＫＵＨＡＲＩ,ＪＲ総武線/幕張駅 歩4分,幕張,9.6,0.7,10.299999999999999
賃貸アパート,ＪＲ総武線 本八幡駅 3階建 新築,ＪＲ総武線/本八幡駅 歩14分,本八幡,9.9,0.3,10.200000000000001
賃貸マンション,ＪＲ総武線快速 船橋駅 7階建 築5年,ＪＲ総武線快速/船橋駅 歩12分,船橋,9.2,0.8,10.0
賃貸アパート,グランコート幕張,ＪＲ総武線/幕張駅 歩5分,幕張,9.2,0.4,9.6
賃貸マンション,千葉市中央区新千葉２丁目新築計画,ＪＲ総武線快速/千葉駅 歩3分,千葉,14.3,0.7,15.0
賃貸マンション,千葉市中央区新千葉２丁目新築計画,ＪＲ総武線快速/千葉駅 歩3分,千葉,14.4,0.7,15.1
賃貸マンション,千葉市中央区新千葉２丁目新築計画,ＪＲ総武線快速/千葉駅 歩3分,千葉,14.5,0.7,15.2
賃貸マンション,千葉市中央区新千葉２丁目新築計画,ＪＲ総武線快速/千葉駅 歩3分,千葉,14.6,0.7,15.299999999999999
賃貸マンション,千葉市中央区新千葉２丁目新築計画,ＪＲ総武線快速/千葉駅 歩3分,千葉,14.7,0.7,15.399999999999999
賃貸マンション,千葉市中央区新千葉２丁目新築計画,ＪＲ総武線快速/千葉駅 歩3分,千葉,15.6,0.7,16.3
賃貸マンション,千葉市中央区新千葉２丁目新築計画,ＪＲ総武線快速/千葉駅 歩3分,千葉,15.7,0.7,16.4
賃貸マンション,千葉市中央区新千葉２丁目新築計画,ＪＲ総武線快速/千葉駅 歩3分,千葉,15.8,0.7,16.5
賃貸マンション,千葉市中央区新千葉２丁目新築計画,ＪＲ総武線快速/千葉駅 歩3分,千葉,15.9,0.7,16.6
賃貸マンション,千葉市中央区新千葉２丁目新築計画,ＪＲ総武線快速/千葉駅 歩3分,千葉,16.0,0.7,16.7
賃貸アパート,ＡＪ馬橋III,ＪＲ常磐線/馬橋駅 歩6分,馬橋,7.3,0.4,7.7
賃貸マンション,ＪＲ常磐線 馬橋駅 7階建 築8年,ＪＲ常磐線/馬橋駅 歩5分,馬橋,10.4,0.95,11.35
賃貸マンション,ＪＲ常磐線 馬橋駅 7階建 築8年,ＪＲ常磐線/馬橋駅 歩5分,馬橋,10.5,0.95,11.45
賃貸マンション,Precious　U,ＪＲ常磐線/馬橋駅 歩5分,馬橋,10.4,0.95,11.35
賃貸マンション,Precious　U,ＪＲ常磐線/馬橋駅 歩5分,馬橋,10.5,0.95,11.45
賃貸マンション,ＪＲ総武線 幕張駅 5階建 築5年,ＪＲ総武線/幕張駅 歩5分,幕張,12.3,0.7,13.0
賃貸マンション,Ｍノーブル,ＪＲ総武線/幕張駅 歩5分,幕張,12.3,0.7,13.0
賃貸マンション,コーディア東船橋,ＪＲ総武線/東船橋駅 歩7分,東船橋,12.8,0.7,13.5
賃貸マンション,コーディア東船橋,ＪＲ総武線/東船橋駅 歩7分,東船橋,13.2,0.7,13.899999999999999
賃貸マンション,コーディア東船橋,ＪＲ総武線/東船橋駅 歩7分,東船橋,13.2,0.7,13.899999999999999
賃貸マンション,コーディア東船橋,ＪＲ総武線/東船橋駅 歩7分,東船橋,13.3,0.7,14.0
賃貸マンション,コーディア東船橋,ＪＲ総武線/東船橋駅 歩7分,東船橋,13.3,0.7,14.0
賃貸マンション,コーディア東船橋,ＪＲ総武線/東船橋駅 歩7分,東船橋,13.6,0.7,14.299999999999999
賃貸マンション,コーディア東船橋,ＪＲ総武線/東船橋駅 歩7分,東船橋,13.7,0.7,14.399999999999999
賃貸マンション,コーディア東船橋,ＪＲ総武線/東船橋駅 歩7分,東船橋,13.7,0.7,14.399999999999999
賃貸アパート,クレール馬橋,ＪＲ常磐線/馬橋駅 歩2分,馬橋,8.5,0.55,9.05
賃貸アパート,ＪＲ常磐線 馬橋駅 3階建 築8年,ＪＲ常磐線/馬橋駅 歩2分,馬橋,8.5,0.55,9.05
賃貸マンション,つくばエクスプレス 流山おおたかの森駅 5階建 築5年,つくばエクスプレス/流山おおたかの森駅 歩2分,流山おおたかの森,11.8,0.7,12.5
賃貸アパート,ル・カンフリエ馬橋,流鉄流山線/馬橋駅 歩7分,馬橋,6.8,0.4,7.2
賃貸アパート,ル・カンフリエ馬橋,流鉄流山線/馬橋駅 歩7分,馬橋,6.9,0.4,7.300000000000001
賃貸アパート,ル・カンフリエ馬橋,流鉄流山線/馬橋駅 歩7分,馬橋,7.1,0.4,7.5
賃貸アパート,ル・カンフリエ馬橋,流鉄流山線/馬橋駅 歩7分,馬橋,7.2,0.4,7.6000000000000005
賃貸アパート,ル・カンフリエ馬橋,流鉄流山線/馬橋駅 歩7分,馬橋,7.2,0.4,7.6000000000000005
賃貸マンション,ＪＲ総武線 船橋駅 4階建 築2年,ＪＲ総武線/船橋駅 歩19分,船橋,8.4,0.45,8.85
賃貸マンション,エミオン宮本,ＪＲ総武線/船橋駅 歩19分,船橋,8.4,0.45,8.85
賃貸マンション,ソルティア千葉セントラル,千葉都市モノレール/葭川公園駅 歩3分,葭川公園,10.0,1.0,11.0
賃貸マンション,富士見Nameki Mansion,千葉都市モノレール/栄町駅 歩2分,栄町,9.4,0.6,10.0
賃貸マンション,富士見Nameki Mansion,千葉都市モノレール/栄町駅 歩2分,栄町,9.4,0.6,10.0
賃貸マンション,富士見Nameki Mansion,千葉都市モノレール/栄町駅 歩2分,栄町,9.7,0.6,10.299999999999999
賃貸マンション,富士見Nameki Mansion,千葉都市モノレール/栄町駅 歩2分,栄町,9.8,0.6,10.4
賃貸マンション,フリージアおおたかの森,つくばエクスプレス/流山おおたかの森駅 歩7分,流山おおたかの森,12.3,0.65,12.950000000000001
賃貸マンション,フリージアおおたかの森,つくばエクスプレス/流山おおたかの森駅 歩7分,流山おおたかの森,12.4,0.65,13.05
賃貸マンション,フリージアおおたかの森,つくばエクスプレス/流山おおたかの森駅 歩7分,流山おおたかの森,12.4,0.65,13.05
賃貸マンション,フリージアおおたかの森,つくばエクスプレス/流山おおたかの森駅 歩7分,流山おおたかの森,12.5,0.65,13.15
賃貸マンション,フリージアおおたかの森,つくばエクスプレス/流山おおたかの森駅 歩7分,流山おおたかの森,12.5,0.65,13.15
賃貸マンション,フリージアおおたかの森,つくばエクスプレス/流山おおたかの森駅 歩7分,流山おおたかの森,12.6,0.65,13.25
賃貸マンション,フリージアおおたかの森,つくばエクスプレス/流山おおたかの森駅 歩7分,流山おおたかの森,12.6,0.65,13.25
賃貸マンション,フリージアおおたかの森,つくばエクスプレス/流山おおたかの森駅 歩7分,流山おおたかの森,12.7,0.65,13.35
賃貸マンション,つくばエクスプレス 流山おおたかの森駅 5階建 新築,つくばエクスプレス/流山おおたかの森駅 歩7分,流山おおたかの森,12.3,0.65,12.950000000000001
賃貸マンション,つくばエクスプレス 流山おおたかの森駅 5階建 新築,つくばエクスプレス/流山おおたかの森駅 歩7分,流山おおたかの森,12.4,0.65,13.05
賃貸マンション,つくばエクスプレス 流山おおたかの森駅 5階建 新築,つくばエクスプレス/流山おおたかの森駅 歩7分,流山おおたかの森,12.4,0.65,13.05
賃貸マンション,つくばエクスプレス 流山おおたかの森駅 5階建 新築,つくばエクスプレス/流山おおたかの森駅 歩7分,流山おおたかの森,12.5,0.65,13.15
賃貸マンション,つくばエクスプレス 流山おおたかの森駅 5階建 新築,つくばエクスプレス/流山おおたかの森駅 歩7分,流山おおたかの森,12.5,0.65,13.15
賃貸マンション,つくばエクスプレス 流山おおたかの森駅 5階建 新築,つくばエクスプレス/流山おおたかの森駅 歩7分,流山おおたかの森,12.6,0.65,13.25
賃貸マンション,つくばエクスプレス 流山おおたかの森駅 5階建 新築,つくばエクスプレス/流山おおたかの森駅 歩7分,流山おおたかの森,12.6,0.65,13.25
賃貸マンション,つくばエクスプレス 流山おおたかの森駅 5階建 新築,つくばエクスプレス/流山おおたかの森駅 歩7分,流山おおたかの森,12.7,0.65,13.35
賃貸マンション,Ｌａ　Ｄｏｌｃｅ　Ｖｉｔａ　ラドルチェヴィータ,ＪＲ常磐線/馬橋駅 歩5分,馬橋,10.9,0.8,11.700000000000001
賃貸マンション,つくばエクスプレス 流山おおたかの森駅 5階建 築6年,つくばエクスプレス/流山おおたかの森駅 歩3分,流山おおたかの森,12.6,0.0,12.6
賃貸マンション,富ハウス,東京メトロ東西線/妙典駅 歩5分,妙典,11.2,0.5,11.7
賃貸アパート,ＪＲ常磐線 馬橋駅 3階建 築2年,ＪＲ常磐線/馬橋駅 歩4分,馬橋,7.6,0.4,8.0
賃貸マンション,つくばエクスプレス 流山おおたかの森駅 9階建 築8年,つくばエクスプレス/流山おおたかの森駅 歩3分,流山おおたかの森,15.6,1.2,16.8
賃貸マンション,K.M.おおたかの森,つくばエクスプレス/流山おおたかの森駅 歩3分,流山おおたかの森,15.6,1.2,16.8
賃貸アパート,プランドール　Ａ,新京成線/みのり台駅 歩6分,みのり台,11.0,0.6,11.6
賃貸マンション,パクス東船橋,ＪＲ総武線/東船橋駅 歩2分,東船橋,10.7,0.4,11.1
賃貸マンション,アティチュード,ＪＲ常磐線/南柏駅 歩5分,南柏,13.4,0.8,14.200000000000001
賃貸マンション,アティチュード,ＪＲ常磐線/南柏駅 歩5分,南柏,13.4,0.8,14.200000000000001
賃貸アパート,つばめハウス市川,京成本線/菅野駅 歩5分,菅野,9.9,0.3,10.200000000000001
賃貸アパート,つばめハウス市川,京成本線/菅野駅 歩5分,菅野,10.0,0.3,10.3
賃貸マンション,ＪＲ総武線 新検見川駅 3階建 築2年,ＪＲ総武線/新検見川駅 歩4分,新検見川,7.5,0.5,8.0
賃貸アパート,メゾン志麻,京成本線/大神宮下駅 歩3分,大神宮下,11.2,0.35,11.549999999999999
賃貸マンション,Ｌａ　ｖｉｔａ,ＪＲ総武線/稲毛駅 歩3分,稲毛,7.5,0.7,8.2
賃貸マンション,ＪＲ総武線 稲毛駅 8階建 築7年,ＪＲ総武線/稲毛駅 歩3分,稲毛,7.5,0.7,8.2
賃貸アパート,Ｂｕｒｇ,ＪＲ武蔵野線/南流山駅 歩4分,南流山,7.9,0.5,8.4
賃貸アパート,Ｂｕｒｇ,ＪＲ武蔵野線/南流山駅 歩4分,南流山,8.0,0.5,8.5
賃貸アパート,Ｂｕｒｇ,ＪＲ武蔵野線/南流山駅 歩4分,南流山,8.0,0.5,8.5
賃貸マンション,新京成線 みのり台駅 7階建 築8年,新京成線/みのり台駅 歩2分,みのり台,9.3,0.95,10.25
賃貸マンション,果樹園ST,東武野田線/流山おおたかの森駅 歩1分,流山おおたかの森,13.9,1.0,14.9
賃貸マンション,果樹園ST,東武野田線/流山おおたかの森駅 歩1分,流山おおたかの森,15.9,1.0,16.9
賃貸マンション,つくばエクスプレス 流山おおたかの森駅 13階建 築8年,つくばエクスプレス/流山おおたかの森駅 歩1分,流山おおたかの森,13.9,1.0,14.9
賃貸アパート,ブラウ天王台,ＪＲ常磐線/天王台駅 歩7分,天王台,7.9,0.5,8.4
賃貸アパート,ＪＲ常磐線 天王台駅 3階建 築7年,ＪＲ常磐線/天王台駅 歩7分,天王台,7.9,0.5,8.4
賃貸マンション,D-ROOM　NOBUTO,ＪＲ総武線/千葉駅 歩7分,千葉,10.5,0.8,11.3
賃貸マンション,D-ROOM　NOBUTO,ＪＲ総武線/千葉駅 歩7分,千葉,10.7,0.8,11.5
賃貸マンション,D-ROOM　NOBUTO,ＪＲ総武線/千葉駅 歩7分,千葉,10.8,0.8,11.600000000000001
賃貸マンション,D-ROOM　NOBUTO,ＪＲ総武線/千葉駅 歩7分,千葉,11.0,0.8,11.8
賃貸マンション,D-ROOM　NOBUTO,ＪＲ総武線/千葉駅 歩7分,千葉,11.1,0.8,11.9
賃貸マンション,D-ROOM　NOBUTO,ＪＲ総武線/千葉駅 歩7分,千葉,11.2,0.8,12.0
賃貸マンション,D-ROOM　NOBUTO,ＪＲ総武線/千葉駅 歩7分,千葉,11.2,0.8,12.0
賃貸マンション,D-ROOM　NOBUTO,ＪＲ総武線/千葉駅 歩7分,千葉,11.3,0.8,12.100000000000001
賃貸マンション,D-ROOM　NOBUTO,ＪＲ総武線/千葉駅 歩7分,千葉,11.4,0.8,12.200000000000001
賃貸マンション,D-ROOM　NOBUTO,ＪＲ総武線/千葉駅 歩7分,千葉,11.5,0.8,12.3
賃貸マンション,D-ROOM　NOBUTO,ＪＲ総武線/千葉駅 歩7分,千葉,11.5,0.8,12.3
賃貸マンション,D-ROOM　NOBUTO,ＪＲ総武線/千葉駅 歩7分,千葉,11.6,0.8,12.4
賃貸マンション,D-ROOM　NOBUTO,ＪＲ総武線/千葉駅 歩7分,千葉,11.7,0.8,12.5
賃貸マンション,D-ROOM　NOBUTO,ＪＲ総武線/千葉駅 歩7分,千葉,11.7,0.8,12.5
賃貸マンション,D-ROOM　NOBUTO,ＪＲ総武線/千葉駅 歩7分,千葉,11.8,0.8,12.600000000000001
賃貸マンション,D-ROOM　NOBUTO,ＪＲ総武線/千葉駅 歩7分,千葉,11.9,0.8,12.700000000000001
賃貸マンション,D-ROOM　NOBUTO,ＪＲ総武線/千葉駅 歩7分,千葉,11.9,0.8,12.700000000000001
賃貸マンション,D-ROOM　NOBUTO,ＪＲ総武線/千葉駅 歩7分,千葉,11.9,0.8,12.700000000000001
賃貸マンション,D-ROOM　NOBUTO,ＪＲ総武線/千葉駅 歩7分,千葉,12.0,0.8,12.8
賃貸マンション,D-ROOM　NOBUTO,ＪＲ総武線/千葉駅 歩7分,千葉,12.0,0.8,12.8
賃貸マンション,D-ROOM　NOBUTO,ＪＲ総武線/千葉駅 歩7分,千葉,12.1,0.8,12.9
賃貸マンション,D-ROOM　NOBUTO,ＪＲ総武線/千葉駅 歩7分,千葉,12.4,0.8,13.200000000000001
賃貸マンション,D-ROOM　NOBUTO,ＪＲ総武線/千葉駅 歩7分,千葉,12.6,0.8,13.4
賃貸マンション,D-ROOM　NOBUTO,ＪＲ総武線/千葉駅 歩7分,千葉,12.6,0.8,13.4
賃貸マンション,D-ROOM　NOBUTO,ＪＲ総武線/千葉駅 歩7分,千葉,13.1,0.8,13.9
賃貸アパート,松戸・Hマンション,ＪＲ常磐線/松戸駅 歩5分,松戸,12.7,0.8,13.5
賃貸アパート,松戸・Hマンション,ＪＲ常磐線/松戸駅 歩5分,松戸,12.8,0.8,13.600000000000001
賃貸アパート,松戸・Hマンション,ＪＲ常磐線/松戸駅 歩5分,松戸,12.9,0.8,13.700000000000001
賃貸アパート,松戸・Hマンション,ＪＲ常磐線/松戸駅 歩5分,松戸,13.0,0.8,13.8
賃貸アパート,松戸・Hマンション,ＪＲ常磐線/松戸駅 歩5分,松戸,13.1,0.8,13.9
賃貸アパート,松戸・Hマンション,ＪＲ常磐線/松戸駅 歩5分,松戸,13.2,0.8,14.0
賃貸アパート,松戸・Hマンション,ＪＲ常磐線/松戸駅 歩5分,松戸,13.3,0.8,14.100000000000001
賃貸アパート,松戸・Hマンション,ＪＲ常磐線/松戸駅 歩5分,松戸,13.4,0.8,14.200000000000001
賃貸アパート,松戸・Hマンション,ＪＲ常磐線/松戸駅 歩5分,松戸,13.5,0.8,14.3
賃貸アパート,松戸・Hマンション,ＪＲ常磐線/松戸駅 歩5分,松戸,13.5,0.8,14.3
賃貸アパート,松戸・Hマンション,ＪＲ常磐線/松戸駅 歩5分,松戸,13.6,0.8,14.4
賃貸アパート,松戸・Hマンション,ＪＲ常磐線/松戸駅 歩5分,松戸,13.6,0.8,14.4
賃貸アパート,松戸・Hマンション,ＪＲ常磐線/松戸駅 歩5分,松戸,13.7,0.8,14.5
賃貸アパート,松戸・Hマンション,ＪＲ常磐線/松戸駅 歩5分,松戸,13.7,0.8,14.5
賃貸アパート,松戸・Hマンション,ＪＲ常磐線/松戸駅 歩5分,松戸,13.8,0.8,14.600000000000001
賃貸アパート,松戸・Hマンション,ＪＲ常磐線/松戸駅 歩5分,松戸,13.8,0.8,14.600000000000001
賃貸アパート,松戸・Hマンション,ＪＲ常磐線/松戸駅 歩5分,松戸,13.9,0.8,14.700000000000001
賃貸アパート,松戸・Hマンション,ＪＲ常磐線/松戸駅 歩5分,松戸,14.0,0.8,14.8
賃貸アパート,松戸・Hマンション,ＪＲ常磐線/松戸駅 歩5分,松戸,15.5,0.8,16.3
賃貸アパート,松戸・Hマンション,ＪＲ常磐線/松戸駅 歩5分,松戸,15.6,0.8,16.4
賃貸アパート,松戸・Hマンション,ＪＲ常磐線/松戸駅 歩5分,松戸,15.7,0.8,16.5
賃貸アパート,松戸・Hマンション,ＪＲ常磐線/松戸駅 歩5分,松戸,15.8,0.8,16.6
賃貸アパート,松戸・Hマンション,ＪＲ常磐線/松戸駅 歩5分,松戸,15.9,0.8,16.7
賃貸アパート,松戸・Hマンション,ＪＲ常磐線/松戸駅 歩5分,松戸,16.0,0.8,16.8
賃貸マンション,ガーデンコート稲毛,ＪＲ総武線快速/稲毛駅 歩3分,稲毛,7.6,0.8,8.4
賃貸マンション,セレス稔台,新京成線/みのり台駅 歩2分,みのり台,9.3,0.95,10.25
賃貸マンション,コートアイズミ,東京メトロ東西線/浦安駅 歩7分,浦安,12.0,0.4,12.4
賃貸マンション,ラ・パートメント千葉,京成千葉線/京成千葉駅 歩4分,京成千葉,11.8,0.9,12.700000000000001
賃貸マンション,スペランザ新検見川,ＪＲ総武線/新検見川駅 歩1分,新検見川,10.0,1.1,11.1
賃貸マンション,カステール,京成本線/海神駅 歩6分,海神,11.4,0.6,12.0
賃貸マンション,ｓｏｎｏ　ソノ,ＪＲ総武線/幕張駅 歩3分,幕張,11.9,0.8,12.700000000000001
賃貸マンション,ｓｏｎｏ　ソノ,ＪＲ総武線/幕張駅 歩3分,幕張,12.0,0.8,12.8
賃貸マンション,ｓｏｎｏ　ソノ,ＪＲ総武線/幕張駅 歩3分,幕張,12.1,0.8,12.9
賃貸マンション,JUSEI　RESIDENCE,ＪＲ総武線/船橋駅 歩10分,船橋,13.8,1.0,14.8
賃貸マンション,グリシーナおおたかIII,つくばエクスプレス/流山おおたかの森駅 歩4分,流山おおたかの森,13.0,1.0,14.0
賃貸マンション,グリシーナおおたかIII,つくばエクスプレス/流山おおたかの森駅 歩4分,流山おおたかの森,13.0,1.0,14.0
賃貸マンション,グリシーナおおたかIII,つくばエクスプレス/流山おおたかの森駅 歩4分,流山おおたかの森,13.1,1.0,14.1
賃貸マンション,グリシーナおおたかIII,つくばエクスプレス/流山おおたかの森駅 歩4分,流山おおたかの森,13.1,1.0,14.1
賃貸マンション,グリシーナおおたかIII,つくばエクスプレス/流山おおたかの森駅 歩4分,流山おおたかの森,13.1,1.0,14.1
賃貸マンション,グリシーナおおたかIII,つくばエクスプレス/流山おおたかの森駅 歩4分,流山おおたかの森,13.2,1.0,14.2
賃貸マンション,グリシーナおおたかIII,つくばエクスプレス/流山おおたかの森駅 歩4分,流山おおたかの森,15.6,1.0,16.6
賃貸マンション,グリシーナおおたかIII,つくばエクスプレス/流山おおたかの森駅 歩4分,流山おおたかの森,15.6,1.0,16.6
賃貸マンション,グリシーナおおたかIII,つくばエクスプレス/流山おおたかの森駅 歩4分,流山おおたかの森,15.7,1.0,16.7
賃貸マンション,グリシーナおおたかIII,つくばエクスプレス/流山おおたかの森駅 歩4分,流山おおたかの森,15.7,1.0,16.7
賃貸マンション,グリシーナおおたかIII,つくばエクスプレス/流山おおたかの森駅 歩4分,流山おおたかの森,15.7,1.0,16.7
賃貸マンション,グリシーナおおたかIII,つくばエクスプレス/流山おおたかの森駅 歩4分,流山おおたかの森,15.8,1.0,16.8
賃貸マンション,つくばエクスプレス 流山おおたかの森駅 3階建 新築,つくばエクスプレス/流山おおたかの森駅 歩4分,流山おおたかの森,13.1,1.0,14.1
賃貸マンション,つくばエクスプレス 流山おおたかの森駅 3階建 新築,つくばエクスプレス/流山おおたかの森駅 歩4分,流山おおたかの森,13.1,1.0,14.1
賃貸マンション,つくばエクスプレス 流山おおたかの森駅 3階建 新築,つくばエクスプレス/流山おおたかの森駅 歩4分,流山おおたかの森,13.2,1.0,14.2
賃貸マンション,つくばエクスプレス 流山おおたかの森駅 3階建 新築,つくばエクスプレス/流山おおたかの森駅 歩4分,流山おおたかの森,15.7,1.0,16.7
賃貸マンション,つくばエクスプレス 流山おおたかの森駅 3階建 新築,つくばエクスプレス/流山おおたかの森駅 歩4分,流山おおたかの森,15.7,1.0,16.7
賃貸マンション,つくばエクスプレス 流山おおたかの森駅 3階建 新築,つくばエクスプレス/流山おおたかの森駅 歩4分,流山おおたかの森,15.8,1.0,16.8
賃貸マンション,エクラージュ古宮,ＪＲ総武線/船橋駅 歩6分,船橋,13.5,0.6,14.1
賃貸マンション,アール・ルーチェ,東京メトロ東西線/妙典駅 歩4分,妙典,12.8,0.5,13.3
賃貸マンション,Ｄｅｂｕｔ,ＪＲ総武線/市川駅 歩14分,市川,12.1,0.7,12.799999999999999
賃貸マンション,ＪＲ総武線 船橋駅 5階建 築4年,ＪＲ総武線/船橋駅 歩5分,船橋,12.4,0.6,13.0
賃貸マンション,ＪＲ総武線 船橋駅 5階建 築4年,ＪＲ総武線/船橋駅 歩5分,船橋,12.4,0.6,13.0
賃貸アパート,Casa　Vert,東葉高速鉄道/飯山満駅 歩4分,飯山満,8.5,0.5,9.0
賃貸マンション,サンライズコード,ＪＲ武蔵野線/船橋法典駅 歩5分,船橋法典,9.6,0.61,10.209999999999999
賃貸マンション,Ｇｒａｎｄ　ｊｏｕｒ,ＪＲ武蔵野線/南流山駅 歩1分,南流山,9.8,0.9,10.700000000000001
賃貸マンション,ウッドレスト柏,ＪＲ常磐線/柏駅 歩6分,柏,9.5,0.7,10.2
賃貸マンション,オーパスレジデンス千葉駅前,ＪＲ総武線/千葉駅 歩4分,千葉,11.5,0.5,12.0
賃貸マンション,オーパスレジデンス千葉駅前,ＪＲ総武線/千葉駅 歩4分,千葉,11.7,0.5,12.2
賃貸マンション,オーパスレジデンス千葉駅前,ＪＲ総武線/千葉駅 歩4分,千葉,11.7,0.5,12.2
賃貸マンション,オーパスレジデンス千葉駅前,ＪＲ総武線/千葉駅 歩4分,千葉,11.8,0.5,12.3
賃貸マンション,オーパスレジデンス千葉駅前,ＪＲ総武線/千葉駅 歩4分,千葉,11.9,0.5,12.4
賃貸マンション,オーパスレジデンス千葉駅前,ＪＲ総武線/千葉駅 歩4分,千葉,12.0,0.5,12.5
賃貸マンション,オーパスレジデンス千葉駅前,ＪＲ総武線/千葉駅 歩4分,千葉,12.0,0.5,12.5
賃貸マンション,オーパスレジデンス千葉駅前,ＪＲ総武線/千葉駅 歩4分,千葉,12.0,0.5,12.5
賃貸マンション,オーパスレジデンス千葉駅前,ＪＲ総武線/千葉駅 歩4分,千葉,12.0,0.5,12.5
賃貸マンション,オーパスレジデンス千葉駅前,ＪＲ総武線/千葉駅 歩4分,千葉,12.0,0.5,12.5
賃貸マンション,オーパスレジデンス千葉駅前,ＪＲ総武線/千葉駅 歩4分,千葉,12.0,0.5,12.5
賃貸マンション,オーパスレジデンス千葉駅前,ＪＲ総武線/千葉駅 歩4分,千葉,12.2,0.5,12.7
賃貸マンション,オーパスレジデンス千葉駅前,ＪＲ総武線/千葉駅 歩4分,千葉,12.2,0.5,12.7
賃貸マンション,オーパスレジデンス千葉駅前,ＪＲ総武線/千葉駅 歩4分,千葉,12.2,0.5,12.7
賃貸マンション,オーパスレジデンス千葉駅前,ＪＲ総武線/千葉駅 歩4分,千葉,12.2,0.5,12.7
賃貸マンション,オーパスレジデンス千葉駅前,ＪＲ総武線/千葉駅 歩4分,千葉,12.4,0.5,12.9
賃貸マンション,オーパスレジデンス千葉駅前,ＪＲ総武線/千葉駅 歩4分,千葉,12.4,0.5,12.9
賃貸マンション,オーパスレジデンス千葉駅前,ＪＲ総武線/千葉駅 歩4分,千葉,12.4,0.5,12.9
賃貸マンション,オーパスレジデンス千葉駅前,ＪＲ総武線/千葉駅 歩4分,千葉,12.4,0.5,12.9
賃貸マンション,オーパスレジデンス千葉駅前,ＪＲ総武線/千葉駅 歩4分,千葉,12.4,0.5,12.9
賃貸マンション,オーパスレジデンス千葉駅前,ＪＲ総武線/千葉駅 歩4分,千葉,12.4,0.5,12.9
賃貸マンション,オーパスレジデンス千葉駅前,ＪＲ総武線/千葉駅 歩4分,千葉,12.6,0.5,13.1
賃貸マンション,オーパスレジデンス千葉駅前,ＪＲ総武線/千葉駅 歩4分,千葉,12.6,0.5,13.1
賃貸マンション,オーパスレジデンス千葉駅前,ＪＲ総武線/千葉駅 歩4分,千葉,12.6,0.5,13.1
賃貸マンション,オーパスレジデンス千葉駅前,ＪＲ総武線/千葉駅 歩4分,千葉,12.6,0.5,13.1
賃貸マンション,オーパスレジデンス千葉駅前,ＪＲ総武線/千葉駅 歩4分,千葉,12.8,0.5,13.3
賃貸マンション,オーパスレジデンス千葉駅前,ＪＲ総武線/千葉駅 歩4分,千葉,12.8,0.5,13.3
賃貸マンション,オーパスレジデンス千葉駅前,ＪＲ総武線/千葉駅 歩4分,千葉,12.8,0.5,13.3
賃貸マンション,オーパスレジデンス千葉駅前,ＪＲ総武線/千葉駅 歩4分,千葉,12.8,0.5,13.3
賃貸マンション,オーパスレジデンス千葉駅前,ＪＲ総武線/千葉駅 歩4分,千葉,12.9,0.5,13.4
賃貸マンション,オーパスレジデンス千葉駅前,ＪＲ総武線/千葉駅 歩4分,千葉,12.9,0.5,13.4
賃貸マンション,オーパスレジデンス千葉駅前,ＪＲ総武線/千葉駅 歩4分,千葉,12.9,0.5,13.4
賃貸マンション,オーパスレジデンス千葉駅前,ＪＲ総武線/千葉駅 歩4分,千葉,13.0,0.5,13.5
賃貸マンション,オーパスレジデンス千葉駅前,ＪＲ総武線/千葉駅 歩4分,千葉,13.0,0.5,13.5
賃貸マンション,オーパスレジデンス千葉駅前,ＪＲ総武線/千葉駅 歩4分,千葉,13.0,0.5,13.5
賃貸マンション,オーパスレジデンス千葉駅前,ＪＲ総武線/千葉駅 歩4分,千葉,13.0,0.5,13.5
賃貸マンション,オーパスレジデンス千葉駅前,ＪＲ総武線/千葉駅 歩4分,千葉,13.0,0.5,13.5
賃貸マンション,オーパスレジデンス千葉駅前,ＪＲ総武線/千葉駅 歩4分,千葉,13.0,0.5,13.5
賃貸マンション,オーパスレジデンス千葉駅前,ＪＲ総武線/千葉駅 歩4分,千葉,13.0,0.5,13.5
賃貸マンション,オーパスレジデンス千葉駅前,ＪＲ総武線/千葉駅 歩4分,千葉,13.0,0.5,13.5
賃貸マンション,オーパスレジデンス千葉駅前,ＪＲ総武線/千葉駅 歩4分,千葉,13.1,0.5,13.6
賃貸マンション,オーパスレジデンス千葉駅前,ＪＲ総武線/千葉駅 歩4分,千葉,13.1,0.5,13.6
賃貸マンション,オーパスレジデンス千葉駅前,ＪＲ総武線/千葉駅 歩4分,千葉,13.1,0.5,13.6
賃貸マンション,オーパスレジデンス千葉駅前,ＪＲ総武線/千葉駅 歩4分,千葉,13.2,0.5,13.7
賃貸マンション,オーパスレジデンス千葉駅前,ＪＲ総武線/千葉駅 歩4分,千葉,13.2,0.5,13.7
賃貸マンション,オーパスレジデンス千葉駅前,ＪＲ総武線/千葉駅 歩4分,千葉,13.2,0.5,13.7
賃貸マンション,オーパスレジデンス千葉駅前,ＪＲ総武線/千葉駅 歩4分,千葉,13.2,0.5,13.7
賃貸マンション,オーパスレジデンス千葉駅前,ＪＲ総武線/千葉駅 歩4分,千葉,13.2,0.5,13.7
賃貸アパート,プラセル検見川,京成千葉線/検見川駅 歩3分,検見川,7.2,0.3,7.5
賃貸マンション,ＪＲ総武線 千葉駅 10階建 築9年,ＪＲ総武線/千葉駅 歩3分,千葉,9.4,0.6,10.0
賃貸マンション,ＪＲ総武線 千葉駅 10階建 築9年,ＪＲ総武線/千葉駅 歩3分,千葉,9.4,0.6,10.0
賃貸マンション,ＪＲ総武線 千葉駅 10階建 築9年,ＪＲ総武線/千葉駅 歩3分,千葉,9.7,0.6,10.299999999999999
賃貸マンション,ＪＲ総武線 千葉駅 10階建 築9年,ＪＲ総武線/千葉駅 歩3分,千葉,9.8,0.6,10.4
賃貸アパート,東京メトロ東西線 妙典駅 3階建 新築,東京メトロ東西線/妙典駅 歩2分,妙典,11.9,0.45,12.35
賃貸アパート,東京メトロ東西線 妙典駅 3階建 新築,東京メトロ東西線/妙典駅 歩2分,妙典,11.9,0.45,12.35
賃貸アパート,東京メトロ東西線 妙典駅 3階建 新築,東京メトロ東西線/妙典駅 歩2分,妙典,12.0,0.45,12.45
賃貸アパート,DROOM富浜I丁目,東京メトロ東西線/妙典駅 歩2分,妙典,11.9,0.45,12.35
賃貸アパート,ＪＲ常磐線 北松戸駅 3階建 築8年,ＪＲ常磐線/北松戸駅 歩4分,北松戸,10.7,0.6,11.299999999999999
賃貸マンション,ＪＲ常磐線 我孫子駅 5階建 築7年,ＪＲ常磐線/我孫子駅 歩2分,我孫子,8.3,0.5,8.8
賃貸マンション,ＪＲ常磐線 松戸駅 12階建 新築,ＪＲ常磐線/松戸駅 歩3分,松戸,12.8,0.8,13.600000000000001
賃貸マンション,ＪＲ常磐線 松戸駅 12階建 新築,ＪＲ常磐線/松戸駅 歩3分,松戸,12.9,0.8,13.700000000000001
賃貸マンション,ＪＲ常磐線 松戸駅 12階建 新築,ＪＲ常磐線/松戸駅 歩3分,松戸,12.9,0.8,13.700000000000001
賃貸マンション,ＪＲ常磐線 松戸駅 12階建 新築,ＪＲ常磐線/松戸駅 歩3分,松戸,13.0,0.8,13.8
賃貸マンション,ＪＲ常磐線 柏駅 8階建 築6年,ＪＲ常磐線/柏駅 歩6分,柏,10.7,0.9,11.6
賃貸マンション,ｄｅａｒｅｓｔIII,ＪＲ常磐線/柏駅 歩6分,柏,10.7,0.9,11.6
賃貸マンション,ＪＲ総武線 千葉駅 4階建 新築,ＪＲ総武線/千葉駅 歩7分,千葉,9.1,0.4,9.5
賃貸マンション,ＪＲ総武線 千葉駅 4階建 新築,ＪＲ総武線/千葉駅 歩7分,千葉,9.5,0.4,9.9
賃貸マンション,ＪＲ総武線 千葉駅 4階建 新築,ＪＲ総武線/千葉駅 歩7分,千葉,9.5,0.4,9.9
賃貸マンション,ＪＲ総武線 千葉駅 5階建 新築,ＪＲ総武線/千葉駅 歩7分,千葉,9.6,0.9,10.5
賃貸マンション,ＪＲ総武線 千葉駅 5階建 新築,ＪＲ総武線/千葉駅 歩7分,千葉,9.7,0.9,10.6
賃貸マンション,ＪＲ総武線 千葉駅 5階建 新築,ＪＲ総武線/千葉駅 歩7分,千葉,9.8,0.9,10.700000000000001
賃貸マンション,ＪＲ総武線 千葉駅 5階建 新築,ＪＲ総武線/千葉駅 歩7分,千葉,9.8,0.9,10.700000000000001
賃貸マンション,ニュートリノ要,ＪＲ総武線/千葉駅 歩7分,千葉,7.0,1.0,8.0
賃貸マンション,ニュートリノ要,ＪＲ総武線/千葉駅 歩7分,千葉,7.1,1.0,8.1
賃貸マンション,ニュートリノ要,ＪＲ総武線/千葉駅 歩7分,千葉,7.2,1.0,8.2
賃貸マンション,ＪＲ総武線 千葉駅 9階建 新築,ＪＲ総武線/千葉駅 歩7分,千葉,7.0,1.0,8.0
賃貸マンション,ＪＲ総武線 千葉駅 14階建 築5年,ＪＲ総武線/千葉駅 歩7分,千葉,15.5,1.2,16.7
賃貸マンション,ＪＲ総武線 千葉駅 14階建 築5年,ＪＲ総武線/千葉駅 歩7分,千葉,15.5,1.4,16.9
賃貸マンション,ＪＲ総武線 千葉駅 9階建 新築,ＪＲ総武線/千葉駅 歩7分,千葉,10.5,0.8,11.3
賃貸マンション,ＪＲ総武線 千葉駅 9階建 新築,ＪＲ総武線/千葉駅 歩7分,千葉,10.7,0.8,11.5
賃貸マンション,ＪＲ総武線 千葉駅 9階建 新築,ＪＲ総武線/千葉駅 歩7分,千葉,11.3,0.8,12.100000000000001
賃貸マンション,ＪＲ総武線 千葉駅 9階建 新築,ＪＲ総武線/千葉駅 歩7分,千葉,11.5,0.8,12.3
賃貸マンション,ＪＲ総武線 千葉駅 9階建 新築,ＪＲ総武線/千葉駅 歩7分,千葉,11.7,0.8,12.5
賃貸マンション,ＪＲ総武線 千葉駅 9階建 新築,ＪＲ総武線/千葉駅 歩7分,千葉,11.8,0.8,12.600000000000001
賃貸マンション,ＪＲ総武線 千葉駅 9階建 新築,ＪＲ総武線/千葉駅 歩7分,千葉,11.9,0.8,12.700000000000001
賃貸マンション,ＪＲ総武線 千葉駅 9階建 新築,ＪＲ総武線/千葉駅 歩7分,千葉,11.9,0.8,12.700000000000001
賃貸マンション,ＪＲ総武線 千葉駅 9階建 新築,ＪＲ総武線/千葉駅 歩7分,千葉,12.0,0.8,12.8
賃貸マンション,ＪＲ総武線 千葉駅 9階建 新築,ＪＲ総武線/千葉駅 歩7分,千葉,12.1,0.8,12.9
賃貸マンション,ＪＲ総武線 千葉駅 9階建 新築,ＪＲ総武線/千葉駅 歩7分,千葉,12.6,0.8,13.4
賃貸マンション,東京メトロ東西線 原木中山駅 3階建 築9年,東京メトロ東西線/原木中山駅 歩6分,原木中山,8.5,0.5,9.0
賃貸マンション,リブリ・ニソル,東京メトロ東西線/原木中山駅 歩6分,原木中山,8.5,0.5,9.0
賃貸アパート,ＪＲ常磐線 北松戸駅 3階建 新築,ＪＲ常磐線/北松戸駅 歩6分,北松戸,7.5,0.3,7.8
賃貸アパート,ＪＲ常磐線 北松戸駅 3階建 新築,ＪＲ常磐線/北松戸駅 歩6分,北松戸,8.0,0.3,8.3
賃貸マンション,ＪＲ総武線 千葉駅 15階建 新築,ＪＲ総武線/千葉駅 歩7分,千葉,10.0,1.0,11.0
賃貸アパート,ELM VISTA B,ＪＲ常磐線/北松戸駅 歩6分,北松戸,7.6,0.3,7.8999999999999995
賃貸マンション,ＪＲ総武線 千葉駅 3階建 築3年,ＪＲ総武線/千葉駅 歩6分,千葉,12.3,0.2,12.5
賃貸マンション,ＪＲ総武線 千葉駅 5階建 築2年,ＪＲ総武線/千葉駅 歩6分,千葉,11.8,0.9,12.700000000000001
賃貸マンション,ＪＲ総武線 下総中山駅 3階建 新築,ＪＲ総武線/下総中山駅 歩7分,下総中山,10.3,0.5,10.8
賃貸マンション,ＪＲ総武線 下総中山駅 3階建 新築,ＪＲ総武線/下総中山駅 歩7分,下総中山,10.4,0.5,10.9
賃貸マンション,ＪＲ総武線 下総中山駅 3階建 新築,ＪＲ総武線/下総中山駅 歩7分,下総中山,10.5,0.5,11.0
賃貸マンション,ＪＲ総武線 下総中山駅 3階建 新築,ＪＲ総武線/下総中山駅 歩7分,下総中山,10.5,0.5,11.0
賃貸マンション,ＪＲ総武線 下総中山駅 3階建 新築,ＪＲ総武線/下総中山駅 歩7分,下総中山,11.0,0.5,11.5
賃貸マンション,ＪＲ総武線 下総中山駅 3階建 新築,ＪＲ総武線/下総中山駅 歩7分,下総中山,11.0,0.5,11.5
賃貸マンション,ＪＲ総武線 下総中山駅 3階建 新築,ＪＲ総武線/下総中山駅 歩7分,下総中山,11.2,0.5,11.7
賃貸マンション,ＪＲ総武線 下総中山駅 3階建 新築,ＪＲ総武線/下総中山駅 歩7分,下総中山,11.2,0.5,11.7
賃貸マンション,ＪＲ総武線 下総中山駅 3階建 新築,ＪＲ総武線/下総中山駅 歩7分,下総中山,11.4,0.5,11.9
賃貸マンション,ＪＲ総武線 下総中山駅 3階建 新築,ＪＲ総武線/下総中山駅 歩7分,下総中山,11.6,0.5,12.1
賃貸マンション,ＪＲ総武線 下総中山駅 3階建 新築,ＪＲ総武線/下総中山駅 歩7分,下総中山,13.8,0.5,14.3
賃貸マンション,ＪＲ総武線 下総中山駅 3階建 新築,ＪＲ総武線/下総中山駅 歩7分,下総中山,14.0,0.5,14.5
賃貸アパート,ルミナスU,ＪＲ常磐線/天王台駅 歩4分,天王台,8.9,0.3,9.200000000000001
賃貸アパート,ルミナスU,ＪＲ常磐線/天王台駅 歩4分,天王台,9.0,0.3,9.3
賃貸アパート,ルミナスU,ＪＲ常磐線/天王台駅 歩4分,天王台,9.0,0.3,9.3
賃貸アパート,ルミナスU,ＪＲ常磐線/天王台駅 歩4分,天王台,9.3,0.3,9.600000000000001
賃貸マンション,Ｒｅｇｕｌｕｓ幕張,ＪＲ総武線/幕張駅 歩7分,幕張,7.7,0.35,8.05
賃貸アパート,ＪＲ常磐線 南柏駅 3階建 築5年,ＪＲ常磐線/南柏駅 歩7分,南柏,7.3,0.4,7.7
賃貸アパート,ＡＪ南柏ＳｏｕｔｈII,ＪＲ常磐線/南柏駅 歩7分,南柏,7.3,0.4,7.7
賃貸アパート,ＪＲ常磐線 馬橋駅 3階建 築9年,ＪＲ常磐線/馬橋駅 歩7分,馬橋,8.5,0.6,9.1
賃貸マンション,m-flat（エムフラット）,ＪＲ総武線/津田沼駅 歩7分,津田沼,11.0,0.3,11.3
賃貸マンション,シェルムＵ石橋,東京メトロ東西線/原木中山駅 歩4分,原木中山,10.2,0.6,10.799999999999999
賃貸マンション,Ｐｌａｉｓｉｒ　本中山　プレジールモトナカヤマ,ＪＲ総武線/下総中山駅 歩3分,下総中山,11.4,0.55,11.950000000000001
賃貸マンション,トルチェ,ＪＲ総武線/千葉駅 歩4分,千葉,14.9,0.9,15.8
賃貸マンション,WilliamII&#65374；ウイリアムII&#65374；,ＪＲ常磐線/北松戸駅 歩1分,北松戸,7.65,0.7,8.35
賃貸マンション,ＪＲ総武線 千葉駅 13階建 新築,ＪＲ総武線/千葉駅 歩6分,千葉,14.8,2.0,16.8
賃貸マンション,ＪＲ総武線 千葉駅 13階建 新築,ＪＲ総武線/千葉駅 歩6分,千葉,14.8,2.0,16.8
賃貸マンション,ＪＲ総武線 千葉駅 13階建 新築,ＪＲ総武線/千葉駅 歩6分,千葉,15.0,2.0,17.0
賃貸マンション,ＪＲ総武線 千葉駅 13階建 新築,ＪＲ総武線/千葉駅 歩6分,千葉,15.0,2.0,17.0
賃貸マンション,ＪＲ総武線 千葉駅 13階建 新築,ＪＲ総武線/千葉駅 歩6分,千葉,15.0,2.0,17.0
賃貸マンション,ＪＲ総武線 千葉駅 13階建 新築,ＪＲ総武線/千葉駅 歩6分,千葉,15.1,2.0,17.1
賃貸マンション,ＪＲ総武線 千葉駅 13階建 新築,ＪＲ総武線/千葉駅 歩6分,千葉,15.1,2.0,17.1
賃貸マンション,ＪＲ総武線 千葉駅 13階建 新築,ＪＲ総武線/千葉駅 歩6分,千葉,15.1,2.0,17.1
賃貸マンション,ＪＲ総武線 千葉駅 13階建 新築,ＪＲ総武線/千葉駅 歩6分,千葉,15.1,2.0,17.1
賃貸マンション,ＪＲ総武線 千葉駅 13階建 新築,ＪＲ総武線/千葉駅 歩6分,千葉,15.1,2.0,17.1
賃貸マンション,ＪＲ総武線 千葉駅 13階建 新築,ＪＲ総武線/千葉駅 歩6分,千葉,15.2,2.0,17.2
賃貸マンション,ＪＲ総武線 千葉駅 13階建 新築,ＪＲ総武線/千葉駅 歩6分,千葉,15.2,2.0,17.2
賃貸マンション,ＪＲ総武線 千葉駅 13階建 新築,ＪＲ総武線/千葉駅 歩6分,千葉,15.2,2.0,17.2
賃貸マンション,ＪＲ総武線 千葉駅 13階建 新築,ＪＲ総武線/千葉駅 歩6分,千葉,15.2,2.0,17.2
賃貸マンション,ＪＲ総武線 千葉駅 13階建 新築,ＪＲ総武線/千葉駅 歩6分,千葉,15.25,2.0,17.25
賃貸マンション,ＪＲ総武線 千葉駅 13階建 新築,ＪＲ総武線/千葉駅 歩6分,千葉,15.25,2.0,17.25
賃貸マンション,ＪＲ総武線 千葉駅 13階建 新築,ＪＲ総武線/千葉駅 歩6分,千葉,15.3,2.0,17.3
賃貸マンション,ＪＲ総武線 千葉駅 13階建 新築,ＪＲ総武線/千葉駅 歩6分,千葉,16.8,1.1,17.900000000000002
賃貸マンション,ＪＲ総武線 千葉駅 13階建 新築,ＪＲ総武線/千葉駅 歩6分,千葉,16.8,1.1,17.900000000000002
賃貸マンション,ＪＲ総武線 千葉駅 13階建 新築,ＪＲ総武線/千葉駅 歩6分,千葉,17.0,1.1,18.1
賃貸アパート,ＪＲ常磐線 北松戸駅 3階建 築3年,ＪＲ常磐線/北松戸駅 歩2分,北松戸,7.8,0.3,8.1
賃貸マンション,トレースShoto,ＪＲ総武線/船橋駅 歩9分,船橋,11.0,0.9,11.9
賃貸アパート,クレイドル,ＪＲ総武線/東船橋駅 歩6分,東船橋,9.6,0.5,10.1
賃貸マンション,プレシャスヴィラ松戸,ＪＲ常磐線/北松戸駅 歩1分,北松戸,7.0,0.6,7.6
賃貸マンション,ＪＲ常磐線 北松戸駅 5階建 築8年,ＪＲ常磐線/北松戸駅 歩1分,北松戸,7.0,0.6,7.6
賃貸マンション,ＪＲ常磐線 柏駅 10階建 築2年,ＪＲ常磐線/柏駅 歩6分,柏,14.4,0.5,14.9
賃貸マンション,ベルヴュコート柏,ＪＲ常磐線/柏駅 歩6分,柏,14.4,0.5,14.9
賃貸マンション,ＪＲ総武線 千葉駅 15階建 築5年,ＪＲ総武線/千葉駅 歩2分,千葉,12.3,1.0,13.3
賃貸アパート,つくばエクスプレス 南流山駅 3階建 築9年,つくばエクスプレス/南流山駅 歩7分,南流山,11.0,0.7,11.7
賃貸アパート,ノールメゾン南流山II,つくばエクスプレス/南流山駅 歩7分,南流山,11.0,0.7,11.7
賃貸マンション,ＪＲ総武線 東船橋駅 3階建 築5年,ＪＲ総武線/東船橋駅 歩7分,東船橋,11.0,0.65,11.65
賃貸アパート,つくばエクスプレス 南流山駅 3階建 築8年,つくばエクスプレス/南流山駅 歩7分,南流山,10.2,0.7,10.899999999999999
賃貸アパート,ラディエンス,つくばエクスプレス/南流山駅 歩6分,南流山,10.2,0.7,10.899999999999999
賃貸マンション,ザ・パークハビオ行徳駅前,東京メトロ東西線/行徳駅 歩1分,行徳,15.2,2.0,17.2
賃貸マンション,メイツ千葉　ＴＨＥ　ＭＩＤ,ＪＲ総武線快速/千葉駅 歩5分,千葉,14.8,1.0,15.8
賃貸マンション,rcレジ中山,ＪＲ総武線/下総中山駅 歩3分,下総中山,8.5,0.3,8.8
賃貸マンション,rcレジ中山,ＪＲ総武線/下総中山駅 歩3分,下総中山,8.5,0.3,8.8
賃貸マンション,H&K KASHIWA HILLS,ＪＲ常磐線/柏駅 歩4分,柏,10.8,0.8,11.600000000000001
賃貸マンション,H&K KASHIWA HILLS エイチアントケーカシワヒルズ,ＪＲ常磐線/柏駅 歩4分,柏,10.8,0.8,11.600000000000001
賃貸マンション,Maximus III,ＪＲ総武線/幕張駅 歩5分,幕張,7.9,0.5,8.4
賃貸アパート,新京成線 五香駅 3階建 築2年,新京成線/五香駅 歩4分,五香,6.8,0.3,7.1
賃貸マンション,アリエス,ＪＲ総武線/船橋駅 歩8分,船橋,13.3,0.8,14.100000000000001
賃貸マンション,モアナ　レジデンス,ＪＲ常磐線/柏駅 歩4分,柏,12.3,0.9,13.200000000000001
賃貸マンション,モアナ　レジデンス,ＪＲ常磐線/柏駅 歩4分,柏,12.4,0.9,13.3
賃貸マンション,モアナ　レジデンス,ＪＲ常磐線/柏駅 歩4分,柏,12.4,0.9,13.3
賃貸マンション,モアナ　レジデンス,ＪＲ常磐線/柏駅 歩4分,柏,12.5,0.9,13.4
賃貸マンション,モアナ　レジデンス,ＪＲ常磐線/柏駅 歩4分,柏,12.5,0.9,13.4
賃貸マンション,モアナ　レジデンス,ＪＲ常磐線/柏駅 歩4分,柏,12.7,0.9,13.6
賃貸マンション,モアナ　レジデンス,ＪＲ常磐線/柏駅 歩4分,柏,12.8,0.9,13.700000000000001
賃貸マンション,モアナ　レジデンス,ＪＲ常磐線/柏駅 歩4分,柏,13.1,0.9,14.0
賃貸マンション,モアナ　レジデンス,ＪＲ常磐線/柏駅 歩4分,柏,13.3,0.9,14.200000000000001
賃貸マンション,モアナ　レジデンス,ＪＲ常磐線/柏駅 歩4分,柏,14.0,0.9,14.9
賃貸マンション,モアナ　レジデンス,ＪＲ常磐線/柏駅 歩4分,柏,14.1,0.9,15.0
賃貸マンション,モアナ　レジデンス,ＪＲ常磐線/柏駅 歩4分,柏,14.3,0.9,15.200000000000001
賃貸マンション,モアナ　レジデンス,ＪＲ常磐線/柏駅 歩4分,柏,14.5,0.9,15.4
賃貸マンション,グランニール南流山,つくばエクスプレス/南流山駅 歩7分,南流山,8.0,0.6,8.6
賃貸マンション,グランニール南流山,つくばエクスプレス/南流山駅 歩7分,南流山,8.4,0.6,9.0
賃貸マンション,トゥージュール,東京メトロ東西線/浦安駅 歩3分,浦安,17.7,1.0,18.7
賃貸マンション,トゥージュール,東京メトロ東西線/浦安駅 歩3分,浦安,18.2,1.0,19.2
賃貸マンション,トゥージュール,東京メトロ東西線/浦安駅 歩3分,浦安,18.7,1.0,19.7
賃貸マンション,ＪＲ総武線 幕張駅 4階建 築7年,ＪＲ総武線/幕張駅 歩4分,幕張,7.85,0.5,8.35
賃貸アパート,ＪＲ総武線 新検見川駅 3階建 築3年,ＪＲ総武線/新検見川駅 歩6分,新検見川,7.4,0.4,7.800000000000001
賃貸マンション,cicada,ＪＲ総武線/東船橋駅 歩7分,東船橋,10.9,0.6,11.5
賃貸マンション,cicada,ＪＲ総武線/東船橋駅 歩7分,東船橋,10.9,0.6,11.5
賃貸マンション,ＪＲ総武線 幕張駅 3階建 築5年,ＪＲ総武線/幕張駅 歩5分,幕張,9.6,0.7,10.299999999999999
賃貸マンション,Ｆ・Ｔｏｕｒ,ＪＲ常磐線/我孫子駅 歩3分,我孫子,19.8,1.5,21.3
賃貸マンション,ウィステリア,つくばエクスプレス/流山おおたかの森駅 歩4分,流山おおたかの森,16.0,1.0,17.0
賃貸マンション,レ・ソール西船橋,ＪＲ総武線/西船橋駅 歩5分,西船橋,11.6,0.7,12.299999999999999
賃貸アパート,ベルサリオ,ＪＲ総武線/東船橋駅 歩3分,東船橋,12.2,0.6,12.799999999999999
賃貸アパート,ＪＲ常磐線 馬橋駅 3階建 築3年,ＪＲ常磐線/馬橋駅 歩6分,馬橋,7.3,0.4,7.7
賃貸マンション,ＪＲ総武線 新検見川駅 3階建 築5年,ＪＲ総武線/新検見川駅 歩5分,新検見川,9.5,0.65,10.15
賃貸マンション,de la Luna,ＪＲ総武線/新検見川駅 歩5分,新検見川,9.5,0.65,10.15
賃貸マンション,ＪＲ総武線 幕張駅 4階建 築4年,ＪＲ総武線/幕張駅 歩4分,幕張,7.5,0.7,8.2
賃貸マンション,東武野田線 豊四季駅 3階建 築2年,東武野田線/豊四季駅 歩1分,豊四季,11.0,0.85,11.85
賃貸マンション,ＪＲ総武線 市川駅 5階建 築7年,ＪＲ総武線/市川駅 歩6分,市川,11.4,1.0,12.4
賃貸マンション,シュエット,つくばエクスプレス/流山おおたかの森駅 歩4分,流山おおたかの森,13.0,0.9,13.9
賃貸マンション,シュエット,つくばエクスプレス/流山おおたかの森駅 歩4分,流山おおたかの森,13.0,0.9,13.9
賃貸マンション,セレナヴィラ,ＪＲ常磐線/南柏駅 歩5分,南柏,11.0,0.9,11.9
賃貸アパート,Ｃａｓａ　Ｓｅｒｅｎａ,ＪＲ総武線/幕張駅 歩3分,幕張,8.4,0.5,8.9
賃貸アパート,Ｃａｓａ　Ｓｅｒｅｎａ,ＪＲ総武線/幕張駅 歩3分,幕張,8.4,0.5,8.9
賃貸アパート,Ｃａｓａ　Ｓｅｒｅｎａ,ＪＲ総武線/幕張駅 歩3分,幕張,8.6,0.5,9.1
賃貸アパート,Ｃａｓａ　Ｓｅｒｅｎａ,ＪＲ総武線/幕張駅 歩3分,幕張,9.0,0.5,9.5
賃貸マンション,（シニア限定）ヘーベルヴィレッジ西船橋,ＪＲ武蔵野線/西船橋駅 歩6分,西船橋,12.7,2.6,15.299999999999999
賃貸マンション,ウィステミラ西船橋,ＪＲ総武線/西船橋駅 歩5分,西船橋,13.4,0.8,14.200000000000001
賃貸マンション,ＡＲＴ　ＲＥＳＩＤＥＮＣＥ　ＩＮ　ＯｏＴＡＫＡ‐ｎｏ‐ＭＯＲＩ　Ｃ棟,つくばエクスプレス/流山おおたかの森駅 歩3分,流山おおたかの森,12.9,0.0,12.9
賃貸マンション,ＪＲ総武線 東船橋駅 3階建 築3年,ＪＲ総武線/東船橋駅 歩2分,東船橋,10.7,0.4,11.1
賃貸マンション,ライブリー花園,ＪＲ総武線/新検見川駅 歩4分,新検見川,7.5,0.5,8.0
賃貸マンション,新京成線 五香駅 5階建 築1年,新京成線/五香駅 歩1分,五香,9.85,0.5,10.35
賃貸マンション,エスプランドル五香,新京成線/五香駅 歩1分,五香,9.85,0.5,10.35
賃貸マンション,GRANDIS,つくばエクスプレス/流山おおたかの森駅 歩6分,流山おおたかの森,15.9,1.5,17.4
賃貸マンション,東京メトロ東西線 行徳駅 3階建 築3年,東京メトロ東西線/行徳駅 歩7分,行徳,10.1,0.3,10.4
賃貸マンション,Ｃｉｅｌｏ新千葉,京成千葉線/新千葉駅 歩5分,新千葉,9.5,0.4,9.9
賃貸アパート,ＪＲ武蔵野線 南流山駅 3階建 新築,ＪＲ武蔵野線/南流山駅 歩4分,南流山,7.9,0.5,8.4
賃貸アパート,ＪＲ武蔵野線 南流山駅 3階建 新築,ＪＲ武蔵野線/南流山駅 歩4分,南流山,8.0,0.5,8.5
賃貸アパート,ＪＲ武蔵野線 南流山駅 3階建 新築,ＪＲ武蔵野線/南流山駅 歩4分,南流山,8.0,0.5,8.5
賃貸マンション,Gloire,ＪＲ総武線/船橋駅 歩7分,船橋,12.9,0.75,13.65
賃貸マンション,シトロン,東京メトロ東西線/南行徳駅 歩7分,南行徳,14.2,0.8,15.0
賃貸マンション,つくばエクスプレス 流山おおたかの森駅 5階建 築3年,つくばエクスプレス/流山おおたかの森駅 歩3分,流山おおたかの森,12.2,1.0,13.2
賃貸アパート,つくばエクスプレス 南流山駅 3階建 築2年,つくばエクスプレス/南流山駅 歩4分,南流山,11.5,0.7,12.2
賃貸マンション,フジ３,ＪＲ常磐線/南柏駅 歩2分,南柏,11.25,0.6,11.85
賃貸アパート,LA・LIBERTA,東京メトロ東西線/行徳駅 歩2分,行徳,11.2,0.3,11.5
賃貸マンション,Ｋａｈａｌａ　Ｔｅｒｒａｃｅ南八幡,ＪＲ総武線/本八幡駅 歩5分,本八幡,10.6,0.6,11.2
賃貸マンション,Ｋａｈａｌａ　Ｔｅｒｒａｃｅ南八幡,ＪＲ総武線/本八幡駅 歩5分,本八幡,11.8,0.6,12.4
賃貸マンション,レフィアント,つくばエクスプレス/南流山駅 歩6分,南流山,12.2,0.7,12.899999999999999
賃貸マンション,ＪＲ総武線 新検見川駅 7階建 築4年,ＪＲ総武線/新検見川駅 歩1分,新検見川,10.0,1.1,11.1
賃貸マンション,ＪＲ常磐線 南柏駅 8階建 築2年,ＪＲ常磐線/南柏駅 歩1分,南柏,11.25,0.6,11.85
賃貸マンション,グランツリー,東京メトロ東西線/南行徳駅 歩5分,南行徳,12.9,0.7,13.6
賃貸マンション,グランツリー,東京メトロ東西線/南行徳駅 歩5分,南行徳,13.0,0.7,13.7
賃貸マンション,グランツリー,東京メトロ東西線/南行徳駅 歩5分,南行徳,13.3,0.7,14.0
賃貸マンション,ダイヤモンドクレスト南流山,ＪＲ武蔵野線/南流山駅 歩4分,南流山,10.0,0.8,10.8
賃貸マンション,ダイヤモンドクレスト南流山,ＪＲ武蔵野線/南流山駅 歩4分,南流山,10.0,0.8,10.8
賃貸マンション,ダイヤモンドクレスト南流山,ＪＲ武蔵野線/南流山駅 歩4分,南流山,10.0,0.8,10.8
賃貸マンション,ダイヤモンドクレスト南流山,ＪＲ武蔵野線/南流山駅 歩4分,南流山,10.0,0.8,10.8
賃貸マンション,ダイヤモンドクレスト南流山,ＪＲ武蔵野線/南流山駅 歩4分,南流山,10.0,0.8,10.8
賃貸マンション,ダイヤモンドクレスト南流山,ＪＲ武蔵野線/南流山駅 歩4分,南流山,10.1,0.8,10.9
賃貸マンション,ダイヤモンドクレスト南流山,ＪＲ武蔵野線/南流山駅 歩4分,南流山,10.1,0.8,10.9
賃貸マンション,ダイヤモンドクレスト南流山,ＪＲ武蔵野線/南流山駅 歩4分,南流山,10.1,0.8,10.9
賃貸マンション,ダイヤモンドクレスト南流山,ＪＲ武蔵野線/南流山駅 歩4分,南流山,10.1,0.8,10.9
賃貸マンション,ダイヤモンドクレスト南流山,ＪＲ武蔵野線/南流山駅 歩4分,南流山,10.1,0.8,10.9
賃貸マンション,ダイヤモンドクレスト南流山,ＪＲ武蔵野線/南流山駅 歩4分,南流山,10.2,0.8,11.0
賃貸マンション,ダイヤモンドクレスト南流山,ＪＲ武蔵野線/南流山駅 歩4分,南流山,10.3,0.8,11.100000000000001
賃貸マンション,ダイヤモンドクレスト南流山,ＪＲ武蔵野線/南流山駅 歩4分,南流山,10.3,0.8,11.100000000000001
賃貸マンション,ダイヤモンドクレスト南流山,ＪＲ武蔵野線/南流山駅 歩4分,南流山,10.3,0.8,11.100000000000001
賃貸マンション,ダイヤモンドクレスト南流山,ＪＲ武蔵野線/南流山駅 歩4分,南流山,10.3,0.8,11.100000000000001
賃貸マンション,ダイヤモンドクレスト南流山,ＪＲ武蔵野線/南流山駅 歩4分,南流山,10.4,0.8,11.200000000000001
賃貸マンション,ダイヤモンドクレスト南流山,ＪＲ武蔵野線/南流山駅 歩4分,南流山,10.4,0.8,11.200000000000001
賃貸マンション,ダイヤモンドクレスト南流山,ＪＲ武蔵野線/南流山駅 歩4分,南流山,10.4,0.8,11.200000000000001
賃貸マンション,ダイヤモンドクレスト南流山,ＪＲ武蔵野線/南流山駅 歩4分,南流山,10.4,0.8,11.200000000000001
賃貸マンション,ダイヤモンドクレスト南流山,ＪＲ武蔵野線/南流山駅 歩4分,南流山,10.4,0.8,11.200000000000001
賃貸マンション,ダイヤモンドクレスト南流山,ＪＲ武蔵野線/南流山駅 歩4分,南流山,10.4,0.8,11.200000000000001
賃貸マンション,ダイヤモンドクレスト南流山,ＪＲ武蔵野線/南流山駅 歩4分,南流山,10.5,0.8,11.3
賃貸マンション,ダイヤモンドクレスト南流山,ＪＲ武蔵野線/南流山駅 歩4分,南流山,11.2,0.8,12.0
賃貸マンション,ダイヤモンドクレスト南流山,ＪＲ武蔵野線/南流山駅 歩4分,南流山,11.2,0.8,12.0
賃貸マンション,ダイヤモンドクレスト南流山,ＪＲ武蔵野線/南流山駅 歩4分,南流山,11.2,0.8,12.0
賃貸マンション,ダイヤモンドクレスト南流山,ＪＲ武蔵野線/南流山駅 歩4分,南流山,11.2,0.8,12.0
賃貸マンション,ダイヤモンドクレスト南流山,ＪＲ武蔵野線/南流山駅 歩4分,南流山,11.2,0.8,12.0
賃貸マンション,ダイヤモンドクレスト南流山,ＪＲ武蔵野線/南流山駅 歩4分,南流山,11.3,0.8,12.100000000000001
賃貸マンション,ダイヤモンドクレスト南流山,ＪＲ武蔵野線/南流山駅 歩4分,南流山,11.4,0.8,12.200000000000001
賃貸マンション,ＪＲ武蔵野線 南流山駅 4階建 新築,ＪＲ武蔵野線/南流山駅 歩4分,南流山,10.0,0.8,10.8
賃貸マンション,ＪＲ武蔵野線 南流山駅 4階建 新築,ＪＲ武蔵野線/南流山駅 歩4分,南流山,10.0,0.8,10.8
賃貸マンション,ＪＲ武蔵野線 南流山駅 4階建 新築,ＪＲ武蔵野線/南流山駅 歩4分,南流山,10.1,0.8,10.9
賃貸マンション,ＪＲ武蔵野線 南流山駅 4階建 新築,ＪＲ武蔵野線/南流山駅 歩4分,南流山,10.1,0.8,10.9
賃貸マンション,ＪＲ武蔵野線 南流山駅 4階建 新築,ＪＲ武蔵野線/南流山駅 歩4分,南流山,10.1,0.8,10.9
賃貸マンション,ＪＲ武蔵野線 南流山駅 4階建 新築,ＪＲ武蔵野線/南流山駅 歩4分,南流山,10.1,0.8,10.9
賃貸マンション,ＪＲ武蔵野線 南流山駅 4階建 新築,ＪＲ武蔵野線/南流山駅 歩4分,南流山,10.2,0.8,11.0
賃貸マンション,ＪＲ武蔵野線 南流山駅 4階建 新築,ＪＲ武蔵野線/南流山駅 歩4分,南流山,10.3,0.8,11.100000000000001
賃貸マンション,ＪＲ武蔵野線 南流山駅 4階建 新築,ＪＲ武蔵野線/南流山駅 歩4分,南流山,10.3,0.8,11.100000000000001
賃貸マンション,ＪＲ武蔵野線 南流山駅 4階建 新築,ＪＲ武蔵野線/南流山駅 歩4分,南流山,10.4,0.8,11.200000000000001
賃貸マンション,ＪＲ武蔵野線 南流山駅 4階建 新築,ＪＲ武蔵野線/南流山駅 歩4分,南流山,10.4,0.8,11.200000000000001
賃貸マンション,ＪＲ武蔵野線 南流山駅 4階建 新築,ＪＲ武蔵野線/南流山駅 歩4分,南流山,10.4,0.8,11.200000000000001
賃貸マンション,ＪＲ武蔵野線 南流山駅 4階建 新築,ＪＲ武蔵野線/南流山駅 歩4分,南流山,10.4,0.8,11.200000000000001
賃貸マンション,ＪＲ武蔵野線 南流山駅 4階建 新築,ＪＲ武蔵野線/南流山駅 歩4分,南流山,10.4,0.8,11.200000000000001
賃貸マンション,ＪＲ武蔵野線 南流山駅 4階建 新築,ＪＲ武蔵野線/南流山駅 歩4分,南流山,10.5,0.8,11.3
賃貸マンション,ソレイユメゾン本八幡,ＪＲ総武線/本八幡駅 歩5分,本八幡,10.5,0.6,11.1
賃貸マンション,シャリマー　ディス,ＪＲ総武線快速/稲毛駅 歩4分,稲毛,8.5,0.65,9.15
賃貸マンション,ＪＲ総武線快速 稲毛駅 5階建 築1年,ＪＲ総武線快速/稲毛駅 歩4分,稲毛,8.5,0.65,9.15
賃貸アパート,Ｖｉｖａｎｔ　Ａ,ＪＲ総武線/千葉駅 歩7分,千葉,9.0,0.5,9.5
賃貸アパート,東京メトロ東西線 行徳駅 3階建 築5年,東京メトロ東西線/行徳駅 歩2分,行徳,11.2,0.3,11.5
賃貸マンション,ラフィネ（相之川）,東京メトロ東西線/南行徳駅 歩4分,南行徳,11.2,0.8,12.0
賃貸マンション,ラフィネ（相之川）,東京メトロ東西線/南行徳駅 歩4分,南行徳,11.5,0.8,12.3
賃貸マンション,ラフィネ（相之川）,東京メトロ東西線/南行徳駅 歩4分,南行徳,13.0,0.8,13.8
賃貸マンション,ラフィネ（相之川）,東京メトロ東西線/南行徳駅 歩4分,南行徳,13.2,0.8,14.0
賃貸マンション,ラフィネ（相之川）,東京メトロ東西線/南行徳駅 歩4分,南行徳,13.4,0.8,14.200000000000001
賃貸マンション,ラフィネ（相之川）,東京メトロ東西線/南行徳駅 歩4分,南行徳,13.6,0.8,14.4
賃貸マンション,ラフィネ（相之川）,東京メトロ東西線/南行徳駅 歩4分,南行徳,17.9,0.8,18.7
賃貸マンション,ＪＲ常磐線 松戸駅 7階建 新築,ＪＲ常磐線/松戸駅 歩5分,松戸,12.7,0.8,13.5
賃貸マンション,ＪＲ常磐線 松戸駅 7階建 新築,ＪＲ常磐線/松戸駅 歩5分,松戸,12.8,0.8,13.600000000000001
賃貸マンション,ＪＲ常磐線 松戸駅 7階建 新築,ＪＲ常磐線/松戸駅 歩5分,松戸,12.9,0.8,13.700000000000001
賃貸マンション,ＪＲ常磐線 松戸駅 7階建 新築,ＪＲ常磐線/松戸駅 歩5分,松戸,13.0,0.8,13.8
賃貸マンション,ＪＲ常磐線 松戸駅 7階建 新築,ＪＲ常磐線/松戸駅 歩5分,松戸,13.1,0.8,13.9
賃貸マンション,ＪＲ常磐線 松戸駅 7階建 新築,ＪＲ常磐線/松戸駅 歩5分,松戸,13.3,0.8,14.100000000000001
賃貸マンション,ＪＲ常磐線 松戸駅 7階建 新築,ＪＲ常磐線/松戸駅 歩5分,松戸,13.4,0.8,14.200000000000001
賃貸マンション,ＪＲ常磐線 松戸駅 7階建 新築,ＪＲ常磐線/松戸駅 歩5分,松戸,13.5,0.8,14.3
賃貸マンション,ＪＲ常磐線 松戸駅 7階建 新築,ＪＲ常磐線/松戸駅 歩5分,松戸,13.5,0.8,14.3
賃貸マンション,ＪＲ常磐線 松戸駅 7階建 新築,ＪＲ常磐線/松戸駅 歩5分,松戸,13.6,0.8,14.4
賃貸マンション,ＪＲ常磐線 松戸駅 7階建 新築,ＪＲ常磐線/松戸駅 歩5分,松戸,13.6,0.8,14.4
賃貸マンション,ＪＲ常磐線 松戸駅 7階建 新築,ＪＲ常磐線/松戸駅 歩5分,松戸,13.7,0.8,14.5
賃貸マンション,ＪＲ常磐線 松戸駅 7階建 新築,ＪＲ常磐線/松戸駅 歩5分,松戸,13.7,0.8,14.5
賃貸マンション,ＪＲ常磐線 松戸駅 7階建 新築,ＪＲ常磐線/松戸駅 歩5分,松戸,13.8,0.8,14.600000000000001
賃貸マンション,ＪＲ常磐線 松戸駅 7階建 新築,ＪＲ常磐線/松戸駅 歩5分,松戸,13.8,0.8,14.600000000000001
賃貸マンション,ＪＲ常磐線 松戸駅 7階建 新築,ＪＲ常磐線/松戸駅 歩5分,松戸,13.9,0.8,14.700000000000001
賃貸マンション,ＪＲ常磐線 松戸駅 7階建 新築,ＪＲ常磐線/松戸駅 歩5分,松戸,14.0,0.8,14.8
賃貸アパート,ｄｅａｒｅｓｔ３,ＪＲ常磐線/柏駅 歩6分,柏,10.7,0.9,11.6
賃貸マンション,HEBEL LOOP(ヘーベルループ),東京メトロ東西線/行徳駅 歩4分,行徳,12.2,0.7,12.899999999999999
賃貸マンション,東京メトロ東西線 行徳駅 4階建 築4年,東京メトロ東西線/行徳駅 歩4分,行徳,12.2,0.7,12.899999999999999
賃貸マンション,東和ビル本町,ＪＲ常磐線/松戸駅 歩3分,松戸,11.9,0.8,12.700000000000001
賃貸マンション,東和ビル本町,ＪＲ常磐線/松戸駅 歩3分,松戸,12.0,0.8,12.8
賃貸マンション,東和ビル本町,ＪＲ常磐線/松戸駅 歩3分,松戸,12.0,0.8,12.8
賃貸マンション,東和ビル本町,ＪＲ常磐線/松戸駅 歩3分,松戸,12.1,0.8,12.9
賃貸マンション,東和ビル本町,ＪＲ常磐線/松戸駅 歩3分,松戸,12.1,0.8,12.9
賃貸マンション,東和ビル本町,ＪＲ常磐線/松戸駅 歩3分,松戸,12.2,0.8,13.0
賃貸マンション,東和ビル本町,ＪＲ常磐線/松戸駅 歩3分,松戸,12.3,0.8,13.100000000000001
賃貸マンション,東和ビル本町,ＪＲ常磐線/松戸駅 歩3分,松戸,12.4,0.8,13.200000000000001
賃貸マンション,東和ビル本町,ＪＲ常磐線/松戸駅 歩3分,松戸,12.4,0.8,13.200000000000001
賃貸マンション,東和ビル本町,ＪＲ常磐線/松戸駅 歩3分,松戸,12.4,0.8,13.200000000000001
賃貸マンション,東和ビル本町,ＪＲ常磐線/松戸駅 歩3分,松戸,12.5,0.8,13.3
賃貸マンション,東和ビル本町,ＪＲ常磐線/松戸駅 歩3分,松戸,12.5,0.8,13.3
賃貸マンション,東和ビル本町,ＪＲ常磐線/松戸駅 歩3分,松戸,12.5,0.8,13.3
賃貸マンション,東和ビル本町,ＪＲ常磐線/松戸駅 歩3分,松戸,12.5,0.8,13.3
賃貸マンション,東和ビル本町,ＪＲ常磐線/松戸駅 歩3分,松戸,12.6,0.8,13.4
賃貸マンション,東和ビル本町,ＪＲ常磐線/松戸駅 歩3分,松戸,12.6,0.8,13.4
賃貸マンション,東和ビル本町,ＪＲ常磐線/松戸駅 歩3分,松戸,12.8,0.8,13.600000000000001
賃貸マンション,東和ビル本町,ＪＲ常磐線/松戸駅 歩3分,松戸,12.8,0.8,13.600000000000001
賃貸マンション,東和ビル本町,ＪＲ常磐線/松戸駅 歩3分,松戸,12.9,0.8,13.700000000000001
賃貸マンション,東和ビル本町,ＪＲ常磐線/松戸駅 歩3分,松戸,12.9,0.8,13.700000000000001
賃貸マンション,東和ビル本町,ＪＲ常磐線/松戸駅 歩3分,松戸,12.9,0.8,13.700000000000001
賃貸マンション,東和ビル本町,ＪＲ常磐線/松戸駅 歩3分,松戸,13.0,0.8,13.8
賃貸マンション,ＬＵＸＬＡＳ南流山,つくばエクスプレス/南流山駅 歩3分,南流山,12.3,0.7,13.0
賃貸マンション,ブラウレーヘン,東京メトロ東西線/行徳駅 歩4分,行徳,11.0,0.6,11.6
賃貸マンション,ブラウレーヘン,東京メトロ東西線/行徳駅 歩4分,行徳,11.1,0.6,11.7
賃貸マンション,東京メトロ東西線 浦安駅 4階建 新築,東京メトロ東西線/浦安駅 歩7分,浦安,14.2,1.2,15.399999999999999
賃貸マンション,東京メトロ東西線 浦安駅 5階建 築2年,東京メトロ東西線/浦安駅 歩5分,浦安,12.1,1.0,13.1
賃貸マンション,エクセルタカナシ・パートII,東京メトロ東西線/浦安駅 歩5分,浦安,12.1,1.0,13.1
賃貸マンション,ラピス,ＪＲ総武線/千葉駅 歩6分,千葉,11.7,0.7,12.399999999999999
賃貸マンション,ＪＲ総武線 千葉駅 7階建 築2年,ＪＲ総武線/千葉駅 歩6分,千葉,11.7,0.7,12.399999999999999
賃貸マンション,FLAG THE GARDEN,東京メトロ東西線/行徳駅 歩2分,行徳,14.4,1.2,15.6
賃貸マンション,スタンド　フィールド,ＪＲ常磐線/柏駅 歩7分,柏,11.3,1.0,12.3
賃貸マンション,スタンド　フィールド,ＪＲ常磐線/柏駅 歩7分,柏,11.7,1.1,12.799999999999999
賃貸マンション,スタンド　フィールド,ＪＲ常磐線/柏駅 歩7分,柏,12.1,1.1,13.2
賃貸マンション,東京メトロ東西線 浦安駅 6階建 築3年,東京メトロ東西線/浦安駅 歩3分,浦安,13.9,1.1,15.0
賃貸マンション,クラーロ,ＪＲ常磐線/柏駅 歩5分,柏,12.4,0.8,13.200000000000001
賃貸マンション,東京メトロ東西線 行徳駅 11階建 築1年,東京メトロ東西線/行徳駅 歩1分,行徳,15.2,2.0,17.2
賃貸マンション,ＪＲ常磐線 柏駅 10階建 築1年,ＪＲ常磐線/柏駅 歩4分,柏,10.8,0.8,11.600000000000001
